system:index,AOT,B1,B11,B12,B2,B3,B4,B5,B6,B7,B8,MSK_CLDPRB,MSK_SNWPRB,QA10,QA20,QA60,SCL,TCI_B,TCI_G,TCI_R,WVP,id,lake,lat,lon,.geo
0,65.0,1.0,17.0,19.0,7.0,99.0,79.0,94.0,26.0,8.0,12.0,0.0,0.0,0.0,0.0,0.0,6.0,2.0,12.0,9.0,504.0,20190216T102111_20190216T102131_T33UUV,Baalsee,53.2135494030641,12.64934677564753,"{""type"":""Point"",""coordinates"":[12.64934677564753,53.2135494030641]}"
1,65.0,1.0,21.0,16.0,12.0,128.0,95.0,106.0,15.0,4.0,14.0,0.0,0.0,0.0,0.0,0.0,6.0,5.0,15.0,11.0,499.0,20190216T102111_20190216T102131_T32UQE,Baalsee,53.2135494030641,12.64934677564753,"{""type"":""Point"",""coordinates"":[12.64934677564753,53.2135494030641]}"
2,59.0,111.0,80.0,76.0,205.0,330.0,201.0,193.0,99.0,117.0,104.0,0.0,0.0,0.0,0.0,0.0,6.0,21.0,35.0,21.0,683.0,20190422T102029_20190422T102029_T32UQE,Baalsee,53.2135494030641,12.64934677564753,"{""type"":""Point"",""coordinates"":[12.64934677564753,53.2135494030641]}"
3,59.0,114.0,82.0,77.0,202.0,340.0,194.0,199.0,105.0,117.0,105.0,0.0,0.0,0.0,0.0,0.0,6.0,21.0,35.0,20.0,686.0,20190422T102029_20190422T102029_T33UUV,Baalsee,53.2135494030641,12.64934677564753,"{""type"":""Point"",""coordinates"":[12.64934677564753,53.2135494030641]}"
4,96.0,184.0,88.0,65.0,168.0,397.0,228.0,199.0,126.0,141.0,136.0,0.0,0.0,0.0,0.0,0.0,6.0,19.0,41.0,24.0,1835.0,20190726T102031_20190726T102028_T32UQE,Baalsee,53.2135494030641,12.64934677564753,"{""type"":""Point"",""coordinates"":[12.64934677564753,53.2135494030641]}"
5,96.0,179.0,86.0,61.0,165.0,383.0,226.0,196.0,125.0,146.0,126.0,0.0,0.0,0.0,0.0,0.0,6.0,18.0,39.0,23.0,1832.0,20190726T102031_20190726T102028_T33UUV,Baalsee,53.2135494030641,12.64934677564753,"{""type"":""Point"",""coordinates"":[12.64934677564753,53.2135494030641]}"
6,65.0,25.0,19.0,21.0,68.0,137.0,99.0,108.0,36.0,20.0,19.0,0.0,0.0,0.0,0.0,0.0,6.0,3.0,14.0,11.0,454.0,20190216T102111_20190216T102131_T33UUU,Baalsee,53.2135494030641,12.64934677564753,"{""type"":""Point"",""coordinates"":[12.64934677564753,53.2135494030641]}"
7,102.0,199.0,86.0,61.0,178.0,390.0,230.0,201.0,130.0,151.0,127.0,0.0,0.0,0.0,0.0,0.0,6.0,18.0,40.0,24.0,2024.0,20190726T102031_20190726T102028_T33UUU,Baalsee,53.2135494030641,12.64934677564753,"{""type"":""Point"",""coordinates"":[12.64934677564753,53.2135494030641]}"
8,95.0,273.0,88.0,63.0,255.0,325.0,224.0,208.0,163.0,164.0,164.0,0.0,0.0,0.0,0.0,0.0,6.0,27.0,34.0,23.0,682.0,20190407T102021_20190407T102458_T33UUU,Baalsee,53.2135494030641,12.64934677564753,"{""type"":""Point"",""coordinates"":[12.64934677564753,53.2135494030641]}"
9,59.0,171.0,71.0,44.0,209.0,298.0,178.0,190.0,138.0,143.0,130.0,0.0,0.0,0.0,0.0,0.0,6.0,21.0,31.0,19.0,607.0,20190402T102029_20190402T102026_T33UUV,Baalsee,53.2135494030641,12.64934677564753,"{""type"":""Point"",""coordinates"":[12.64934677564753,53.2135494030641]}"
10,65.0,167.0,65.0,50.0,222.0,290.0,180.0,189.0,133.0,139.0,124.0,0.0,0.0,0.0,0.0,0.0,6.0,24.0,30.0,19.0,602.0,20190402T102029_20190402T102026_T32UQE,Baalsee,53.2135494030641,12.64934677564753,"{""type"":""Point"",""coordinates"":[12.64934677564753,53.2135494030641]}"
11,89.0,240.0,89.0,65.0,236.0,313.0,210.0,209.0,167.0,169.0,163.0,0.0,0.0,0.0,0.0,0.0,6.0,23.0,32.0,21.0,796.0,20190407T102021_20190407T102458_T32UQE,Baalsee,53.2135494030641,12.64934677564753,"{""type"":""Point"",""coordinates"":[12.64934677564753,53.2135494030641]}"
12,83.0,178.0,68.0,45.0,211.0,299.0,171.0,190.0,125.0,125.0,108.0,0.0,0.0,0.0,0.0,0.0,6.0,23.0,31.0,18.0,712.0,20190402T102029_20190402T102026_T33UUU,Baalsee,53.2135494030641,12.64934677564753,"{""type"":""Point"",""coordinates"":[12.64934677564753,53.2135494030641]}"
13,89.0,239.0,90.0,64.0,233.0,311.0,218.0,208.0,167.0,167.0,166.0,0.0,0.0,0.0,0.0,0.0,6.0,22.0,32.0,23.0,819.0,20190407T102021_20190407T102458_T33UUV,Baalsee,53.2135494030641,12.64934677564753,"{""type"":""Point"",""coordinates"":[12.64934677564753,53.2135494030641]}"
14,312.0,400.0,127.0,69.0,364.0,450.0,315.0,358.0,407.0,425.0,369.0,0.0,0.0,0.0,0.0,0.0,6.0,37.0,46.0,32.0,2842.0,20190825T102031_20190825T102430_T33UUU,Baalsee,53.2135494030641,12.64934677564753,"{""type"":""Point"",""coordinates"":[12.64934677564753,53.2135494030641]}"
15,59.0,146.0,84.0,78.0,225.0,357.0,203.0,205.0,110.0,122.0,109.0,0.0,0.0,0.0,0.0,0.0,6.0,22.0,36.0,20.0,655.0,20190422T102029_20190422T102029_T33UUU,Baalsee,53.2135494030641,12.64934677564753,"{""type"":""Point"",""coordinates"":[12.64934677564753,53.2135494030641]}"
16,65.0,174.0,66.0,53.0,136.0,236.0,161.0,160.0,92.0,88.0,88.0,0.0,0.0,0.0,0.0,0.0,6.0,15.0,23.0,16.0,1070.0,20190417T102031_20190417T102431_T32UQE,Baalsee,53.2135494030641,12.64934677564753,"{""type"":""Point"",""coordinates"":[12.64934677564753,53.2135494030641]}"
17,65.0,173.0,62.0,49.0,149.0,232.0,163.0,165.0,90.0,87.0,89.0,0.0,0.0,0.0,0.0,0.0,6.0,16.0,24.0,17.0,1061.0,20190417T102031_20190417T102431_T33UUV,Baalsee,53.2135494030641,12.64934677564753,"{""type"":""Point"",""coordinates"":[12.64934677564753,53.2135494030641]}"
18,95.0,316.0,58.0,73.0,364.0,219.0,140.0,180.0,76.0,92.0,98.0,0.0,0.0,0.0,0.0,0.0,6.0,36.0,23.0,15.0,560.0,20190102T102429_20190102T102505_T33UUV,Baalsee,53.2135494030641,12.64934677564753,"{""type"":""Point"",""coordinates"":[12.64934677564753,53.2135494030641]}"
19,95.0,316.0,59.0,63.0,355.0,191.0,161.0,172.0,77.0,92.0,82.0,0.0,0.0,0.0,0.0,0.0,6.0,34.0,21.0,16.0,564.0,20190102T102429_20190102T102505_T32UQE,Baalsee,53.2135494030641,12.64934677564753,"{""type"":""Point"",""coordinates"":[12.64934677564753,53.2135494030641]}"
20,354.0,745.0,575.0,368.0,784.0,991.0,729.0,751.0,865.0,916.0,1183.0,0.0,0.0,0.0,0.0,0.0,6.0,78.0,104.0,75.0,3428.0,20190626T102031_20190626T102028_T32UQE,Baalsee,53.2135494030641,12.64934677564753,"{""type"":""Point"",""coordinates"":[12.64934677564753,53.2135494030641]}"
21,354.0,700.0,566.0,374.0,691.0,883.0,628.0,719.0,836.0,932.0,947.0,0.0,0.0,0.0,0.0,0.0,6.0,70.0,90.0,64.0,3434.0,20190626T102031_20190626T102028_T33UUV,Baalsee,53.2135494030641,12.64934677564753,"{""type"":""Point"",""coordinates"":[12.64934677564753,53.2135494030641]}"
22,65.0,207.0,65.0,50.0,172.0,248.0,172.0,171.0,97.0,96.0,97.0,0.0,0.0,0.0,0.0,0.0,6.0,19.0,26.0,18.0,872.0,20190417T102031_20190417T102431_T33UUU,Baalsee,53.2135494030641,12.64934677564753,"{""type"":""Point"",""coordinates"":[12.64934677564753,53.2135494030641]}"
23,78.0,1.0,52.0,42.0,2.0,96.0,86.0,111.0,71.0,66.0,47.0,0.0,0.0,0.0,0.0,0.0,6.0,,10.0,8.0,2201.0,20191014T102031_20191014T102207_T33UUU,Baalsee,53.2135494030641,12.64934677564753,"{""type"":""Point"",""coordinates"":[12.64934677564753,53.2135494030641]}"
24,258.0,456.0,144.0,73.0,398.0,489.0,347.0,398.0,463.0,499.0,445.0,0.0,0.0,0.0,0.0,0.0,6.0,43.0,49.0,35.0,2450.0,20190825T102031_20190825T102430_T32UQE,Baalsee,53.2135494030641,12.64934677564753,"{""type"":""Point"",""coordinates"":[12.64934677564753,53.2135494030641]}"
25,258.0,459.0,144.0,75.0,421.0,497.0,356.0,393.0,478.0,506.0,453.0,0.0,0.0,0.0,0.0,0.0,6.0,43.0,51.0,36.0,2448.0,20190825T102031_20190825T102430_T33UUV,Baalsee,53.2135494030641,12.64934677564753,"{""type"":""Point"",""coordinates"":[12.64934677564753,53.2135494030641]}"
26,78.0,100.0,182.0,147.0,185.0,215.0,187.0,237.0,214.0,172.0,254.0,0.0,0.0,0.0,0.0,0.0,6.0,17.0,23.0,18.0,783.0,20191029T102039_20191029T102520_T33UUV,Baalsee,53.2135494030641,12.64934677564753,"{""type"":""Point"",""coordinates"":[12.64934677564753,53.2135494030641]}"
27,228.0,792.0,590.0,383.0,757.0,914.0,665.0,767.0,953.0,1060.0,1061.0,0.0,0.0,0.0,0.0,0.0,6.0,77.0,93.0,68.0,3348.0,20190626T102031_20190626T102028_T33UUU,Baalsee,53.2135494030641,12.64934677564753,"{""type"":""Point"",""coordinates"":[12.64934677564753,53.2135494030641]}"
28,78.0,84.0,199.0,163.0,197.0,238.0,187.0,258.0,231.0,205.0,281.0,0.0,0.0,0.0,0.0,0.0,6.0,19.0,26.0,20.0,794.0,20191029T102039_20191029T102520_T32UQE,Baalsee,53.2135494030641,12.64934677564753,"{""type"":""Point"",""coordinates"":[12.64934677564753,53.2135494030641]}"
29,60.0,148.0,114.0,94.0,205.0,282.0,197.0,232.0,146.0,166.0,161.0,0.0,0.0,0.0,0.0,0.0,6.0,21.0,29.0,21.0,682.0,20190512T102029_20190512T102248_T33UUV,Baalsee,53.2135494030641,12.64934677564753,"{""type"":""Point"",""coordinates"":[12.64934677564753,53.2135494030641]}"
30,60.0,160.0,117.0,92.0,193.0,285.0,204.0,233.0,145.0,165.0,158.0,0.0,0.0,0.0,0.0,0.0,6.0,20.0,29.0,21.0,680.0,20190512T102029_20190512T102248_T32UQE,Baalsee,53.2135494030641,12.64934677564753,"{""type"":""Point"",""coordinates"":[12.64934677564753,53.2135494030641]}"
31,222.0,566.0,127.0,121.0,484.0,535.0,360.0,366.0,254.0,263.0,207.0,0.0,0.0,0.0,0.0,0.0,6.0,50.0,55.0,37.0,2844.0,20190606T102031_20190606T102358_T33UUV,Baalsee,53.2135494030641,12.64934677564753,"{""type"":""Point"",""coordinates"":[12.64934677564753,53.2135494030641]}"
32,138.0,253.0,26.0,35.0,165.0,192.0,130.0,138.0,89.0,36.0,31.0,0.0,0.0,0.0,0.0,0.0,6.0,20.0,19.0,11.0,928.0,20191213T102421_20191213T102424_T33UUU,Baalsee,53.2135494030641,12.64934677564753,"{""type"":""Point"",""coordinates"":[12.64934677564753,53.2135494030641]}"
33,234.0,524.0,107.0,111.0,472.0,514.0,336.0,336.0,222.0,226.0,171.0,0.0,0.0,0.0,0.0,0.0,6.0,47.0,53.0,35.0,2828.0,20190606T102031_20190606T102358_T32UQE,Baalsee,53.2135494030641,12.64934677564753,"{""type"":""Point"",""coordinates"":[12.64934677564753,53.2135494030641]}"
34,63.0,168.0,115.0,94.0,217.0,288.0,200.0,235.0,149.0,169.0,162.0,0.0,0.0,0.0,0.0,0.0,6.0,23.0,30.0,22.0,669.0,20190512T102029_20190512T102248_T33UUU,Baalsee,53.2135494030641,12.64934677564753,"{""type"":""Point"",""coordinates"":[12.64934677564753,53.2135494030641]}"
35,102.0,2594.0,1846.0,1139.0,2666.0,1906.0,1350.0,1612.0,1875.0,1956.0,3054.0,20.0,0.0,0.0,0.0,0.0,6.0,255.0,195.0,138.0,2097.0,20190601T102029_20190601T102031_T33UUU,Baalsee,53.2135494030641,12.64934677564753,"{""type"":""Point"",""coordinates"":[12.64934677564753,53.2135494030641]}"
36,192.0,111.0,121.0,84.0,164.0,221.0,166.0,172.0,110.0,109.0,118.0,0.0,0.0,0.0,0.0,0.0,6.0,18.0,23.0,17.0,1531.0,20190820T102029_20190820T102459_T33UUV,Baalsee,53.2135494030641,12.64934677564753,"{""type"":""Point"",""coordinates"":[12.64934677564753,53.2135494030641]}"
37,168.0,156.0,126.0,85.0,185.0,246.0,189.0,187.0,139.0,142.0,150.0,0.0,0.0,0.0,0.0,0.0,6.0,21.0,25.0,19.0,1543.0,20190820T102029_20190820T102459_T32UQE,Baalsee,53.2135494030641,12.64934677564753,"{""type"":""Point"",""coordinates"":[12.64934677564753,53.2135494030641]}"
38,162.0,159.0,15.0,31.0,90.0,134.0,86.0,95.0,42.0,,1.0,0.0,0.0,0.0,0.0,0.0,6.0,11.0,12.0,9.0,1007.0,20191213T102421_20191213T102424_T33UUV,Baalsee,53.2135494030641,12.64934677564753,"{""type"":""Point"",""coordinates"":[12.64934677564753,53.2135494030641]}"
39,114.0,6554.0,3963.0,3546.0,5944.0,5668.0,5552.0,6026.0,6103.0,6197.0,5884.0,100.0,0.0,0.0,0.0,1024.0,9.0,255.0,255.0,255.0,1780.0,20190616T102031_20190616T102027_T33UUV,Baalsee,53.2135494030641,12.64934677564753,"{""type"":""Point"",""coordinates"":[12.64934677564753,53.2135494030641]}"
40,168.0,151.0,25.0,30.0,111.0,75.0,94.0,89.0,21.0,,1.0,0.0,0.0,0.0,0.0,0.0,6.0,11.0,9.0,9.0,1009.0,20191213T102421_20191213T102424_T32UQE,Baalsee,53.2135494030641,12.64934677564753,"{""type"":""Point"",""coordinates"":[12.64934677564753,53.2135494030641]}"
41,114.0,6776.0,3867.0,3426.0,5792.0,5616.0,5516.0,5951.0,6047.0,6117.0,5804.0,100.0,0.0,0.0,0.0,1024.0,9.0,255.0,255.0,255.0,1791.0,20190616T102031_20190616T102027_T32UQE,Baalsee,53.2135494030641,12.64934677564753,"{""type"":""Point"",""coordinates"":[12.64934677564753,53.2135494030641]}"
42,84.0,148.0,182.0,147.0,208.0,226.0,191.0,242.0,218.0,170.0,251.0,0.0,0.0,0.0,0.0,0.0,6.0,22.0,24.0,18.0,952.0,20191029T102039_20191029T102520_T33UUU,Baalsee,53.2135494030641,12.64934677564753,"{""type"":""Point"",""coordinates"":[12.64934677564753,53.2135494030641]}"
43,72.0,1.0,54.0,43.0,1.0,101.0,85.0,102.0,66.0,84.0,62.0,0.0,0.0,0.0,0.0,0.0,6.0,,12.0,10.0,1664.0,20191014T102031_20191014T102207_T32UQE,Baalsee,53.2135494030641,12.64934677564753,"{""type"":""Point"",""coordinates"":[12.64934677564753,53.2135494030641]}"
44,144.0,426.0,297.0,255.0,411.0,439.0,344.0,390.0,358.0,395.0,392.0,0.0,0.0,0.0,0.0,0.0,10.0,40.0,45.0,35.0,1667.0,20190711T102029_20190711T102032_T33UUU,Baalsee,53.2135494030641,12.64934677564753,"{""type"":""Point"",""coordinates"":[12.64934677564753,53.2135494030641]}"
45,228.0,553.0,122.0,119.0,474.0,530.0,352.0,356.0,258.0,276.0,219.0,0.0,0.0,0.0,0.0,0.0,6.0,49.0,54.0,36.0,2603.0,20190606T102031_20190606T102358_T33UUU,Baalsee,53.2135494030641,12.64934677564753,"{""type"":""Point"",""coordinates"":[12.64934677564753,53.2135494030641]}"
46,254.0,575.0,357.0,293.0,539.0,656.0,446.0,565.0,608.0,732.0,521.0,0.0,0.0,0.0,0.0,0.0,6.0,55.0,67.0,46.0,2328.0,20190830T102029_20190830T102552_T33UUV,Baalsee,53.2135494030641,12.64934677564753,"{""type"":""Point"",""coordinates"":[12.64934677564753,53.2135494030641]}"
47,72.0,1.0,55.0,42.0,1.0,97.0,91.0,107.0,76.0,77.0,61.0,0.0,0.0,0.0,0.0,0.0,6.0,,10.0,9.0,1655.0,20191014T102031_20191014T102207_T33UUV,Baalsee,53.2135494030641,12.64934677564753,"{""type"":""Point"",""coordinates"":[12.64934677564753,53.2135494030641]}"
48,258.0,684.0,285.0,248.0,522.0,645.0,423.0,531.0,562.0,654.0,496.0,0.0,0.0,0.0,0.0,0.0,6.0,54.0,66.0,43.0,2358.0,20190830T102029_20190830T102552_T32UQE,Baalsee,53.2135494030641,12.64934677564753,"{""type"":""Point"",""coordinates"":[12.64934677564753,53.2135494030641]}"
49,366.0,439.0,426.0,312.0,545.0,669.0,501.0,571.0,489.0,541.0,499.0,0.0,0.0,0.0,0.0,0.0,6.0,56.0,68.0,51.0,3112.0,20190611T102029_20190611T102030_T33UUU,Baalsee,53.2135494030641,12.64934677564753,"{""type"":""Point"",""coordinates"":[12.64934677564753,53.2135494030641]}"
50,162.0,397.0,290.0,248.0,383.0,417.0,331.0,362.0,320.0,367.0,358.0,0.0,0.0,0.0,0.0,0.0,10.0,38.0,43.0,34.0,1378.0,20190711T102029_20190711T102032_T32UQE,Baalsee,53.2135494030641,12.64934677564753,"{""type"":""Point"",""coordinates"":[12.64934677564753,53.2135494030641]}"
51,162.0,385.0,287.0,248.0,382.0,417.0,329.0,363.0,321.0,359.0,363.0,0.0,0.0,0.0,0.0,0.0,10.0,38.0,43.0,34.0,1382.0,20190711T102029_20190711T102032_T33UUV,Baalsee,53.2135494030641,12.64934677564753,"{""type"":""Point"",""coordinates"":[12.64934677564753,53.2135494030641]}"
52,108.0,9124.0,6314.0,5451.0,9784.0,9280.0,8888.0,9236.0,8791.0,8610.0,9464.0,100.0,0.0,0.0,0.0,1024.0,9.0,255.0,255.0,255.0,1890.0,20190701T102029_20190701T102032_T33UUU,Baalsee,53.2135494030641,12.64934677564753,"{""type"":""Point"",""coordinates"":[12.64934677564753,53.2135494030641]}"
53,156.0,1803.0,1550.0,1068.0,1904.0,1990.0,1692.0,1597.0,1891.0,2103.0,2798.0,16.0,0.0,0.0,0.0,0.0,6.0,195.0,203.0,171.0,2173.0,20190721T102029_20190721T102325_T33UUU,Baalsee,53.2135494030641,12.64934677564753,"{""type"":""Point"",""coordinates"":[12.64934677564753,53.2135494030641]}"
54,138.0,2462.0,1717.0,1186.0,1636.0,1886.0,1820.0,1709.0,2066.0,2275.0,2532.0,23.0,0.0,0.0,0.0,0.0,8.0,167.0,192.0,185.0,2178.0,20190721T102029_20190721T102325_T32UQE,Baalsee,53.2135494030641,12.64934677564753,"{""type"":""Point"",""coordinates"":[12.64934677564753,53.2135494030641]}"
55,102.0,580.0,191.0,162.0,477.0,509.0,380.0,397.0,247.0,259.0,250.0,0.0,0.0,0.0,0.0,0.0,6.0,49.0,52.0,39.0,613.0,20190507T102031_20190507T102226_T33UUU,Baalsee,53.2135494030641,12.64934677564753,"{""type"":""Point"",""coordinates"":[12.64934677564753,53.2135494030641]}"
56,108.0,518.0,181.0,105.0,429.0,502.0,325.0,419.0,349.0,340.0,239.0,0.0,0.0,0.0,0.0,0.0,6.0,44.0,52.0,34.0,1524.0,20190517T102031_20190517T102508_T33UUU,Baalsee,53.2135494030641,12.64934677564753,"{""type"":""Point"",""coordinates"":[12.64934677564753,53.2135494030641]}"
57,156.0,1800.0,1550.0,1066.0,1908.0,1992.0,1692.0,1589.0,1881.0,2098.0,2806.0,16.0,0.0,0.0,0.0,0.0,6.0,194.0,203.0,172.0,2172.0,20190721T102029_20190721T102325_T33UUV,Baalsee,53.2135494030641,12.64934677564753,"{""type"":""Point"",""coordinates"":[12.64934677564753,53.2135494030641]}"
58,296.0,534.0,347.0,293.0,498.0,624.0,415.0,546.0,563.0,680.0,461.0,0.0,0.0,0.0,0.0,0.0,6.0,52.0,64.0,43.0,2712.0,20190830T102029_20190830T102552_T33UUU,Baalsee,53.2135494030641,12.64934677564753,"{""type"":""Point"",""coordinates"":[12.64934677564753,53.2135494030641]}"
59,77.0,375.0,69.0,77.0,410.0,259.0,170.0,213.0,118.0,130.0,132.0,0.0,0.0,0.0,0.0,0.0,6.0,41.0,27.0,17.0,599.0,20190102T102429_20190102T102505_T33UUU,Baalsee,53.2135494030641,12.64934677564753,"{""type"":""Point"",""coordinates"":[12.64934677564753,53.2135494030641]}"
60,96.0,9388.0,5919.0,4969.0,8544.0,8224.0,8488.0,9358.0,9103.0,8811.0,8172.0,100.0,0.0,0.0,0.0,1024.0,9.0,255.0,255.0,255.0,2041.0,20190810T102029_20190810T102030_T33UUU,Baalsee,53.2135494030641,12.64934677564753,"{""type"":""Point"",""coordinates"":[12.64934677564753,53.2135494030641]}"
61,131.0,194.0,98.0,64.0,249.0,268.0,206.0,256.0,133.0,151.0,138.0,0.0,0.0,0.0,0.0,0.0,6.0,26.0,28.0,21.0,1457.0,20190221T102039_20190221T102520_T32UQE,Baalsee,53.2135494030641,12.64934677564753,"{""type"":""Point"",""coordinates"":[12.64934677564753,53.2135494030641]}"
62,108.0,550.0,190.0,163.0,454.0,494.0,371.0,391.0,232.0,240.0,230.0,0.0,0.0,0.0,0.0,0.0,6.0,47.0,51.0,38.0,684.0,20190507T102031_20190507T102226_T33UUV,Baalsee,53.2135494030641,12.64934677564753,"{""type"":""Point"",""coordinates"":[12.64934677564753,53.2135494030641]}"
63,108.0,536.0,192.0,161.0,462.0,495.0,356.0,388.0,234.0,242.0,225.0,0.0,0.0,0.0,0.0,0.0,6.0,47.0,51.0,37.0,675.0,20190507T102031_20190507T102226_T32UQE,Baalsee,53.2135494030641,12.64934677564753,"{""type"":""Point"",""coordinates"":[12.64934677564753,53.2135494030641]}"
64,120.0,9537.0,5882.0,4931.0,8640.0,8288.0,8528.0,9421.0,9141.0,8828.0,8192.0,100.0,0.0,0.0,0.0,1024.0,9.0,255.0,255.0,255.0,2061.0,20190810T102029_20190810T102030_T33UUV,Baalsee,53.2135494030641,12.64934677564753,"{""type"":""Point"",""coordinates"":[12.64934677564753,53.2135494030641]}"
65,126.0,9554.0,5846.0,5096.0,8928.0,8432.0,8512.0,9420.0,9134.0,8918.0,8296.0,100.0,0.0,0.0,0.0,1024.0,9.0,255.0,255.0,255.0,2049.0,20190810T102029_20190810T102030_T32UQE,Baalsee,53.2135494030641,12.64934677564753,"{""type"":""Point"",""coordinates"":[12.64934677564753,53.2135494030641]}"
66,131.0,182.0,94.0,61.0,267.0,280.0,215.0,262.0,139.0,146.0,118.0,0.0,0.0,0.0,0.0,0.0,6.0,28.0,29.0,22.0,1464.0,20190221T102039_20190221T102520_T33UUV,Baalsee,53.2135494030641,12.64934677564753,"{""type"":""Point"",""coordinates"":[12.64934677564753,53.2135494030641]}"
67,148.0,232.0,88.0,59.0,295.0,294.0,214.0,244.0,116.0,120.0,99.0,0.0,0.0,0.0,0.0,0.0,6.0,30.0,30.0,22.0,1219.0,20190221T102039_20190221T102520_T33UUU,Baalsee,53.2135494030641,12.64934677564753,"{""type"":""Point"",""coordinates"":[12.64934677564753,53.2135494030641]}"
68,65.0,6167.0,4050.0,3342.0,6224.0,5576.0,5312.0,5287.0,5071.0,4877.0,6016.0,100.0,0.0,0.0,0.0,1024.0,9.0,255.0,255.0,255.0,769.0,20190313T102019_20190313T102552_T33UUU,Baalsee,53.2135494030641,12.64934677564753,"{""type"":""Point"",""coordinates"":[12.64934677564753,53.2135494030641]}"
69,126.0,674.0,528.0,424.0,599.0,543.0,494.0,540.0,561.0,607.0,619.0,0.0,0.0,0.0,0.0,2048.0,10.0,61.0,56.0,52.0,933.0,20190919T102019_20190919T102022_T33UUU,Baalsee,53.2135494030641,12.64934677564753,"{""type"":""Point"",""coordinates"":[12.64934677564753,53.2135494030641]}"
70,108.0,9127.0,6335.0,5436.0,9360.0,9168.0,8816.0,9209.0,8723.0,8569.0,9088.0,100.0,0.0,0.0,0.0,1024.0,9.0,255.0,255.0,255.0,1852.0,20190701T102029_20190701T102032_T32UQE,Baalsee,53.2135494030641,12.64934677564753,"{""type"":""Point"",""coordinates"":[12.64934677564753,53.2135494030641]}"
71,119.0,8576.0,5347.0,4844.0,7832.0,6712.0,6540.0,6804.0,6576.0,6387.0,6656.0,100.0,0.0,0.0,0.0,1024.0,9.0,255.0,255.0,255.0,586.0,20190122T102329_20190122T102330_T33UUU,Baalsee,53.2135494030641,12.64934677564753,"{""type"":""Point"",""coordinates"":[12.64934677564753,53.2135494030641]}"
72,114.0,9031.0,6267.0,5405.0,9728.0,9240.0,8840.0,9165.0,8709.0,8536.0,9384.0,100.0,0.0,0.0,0.0,1024.0,9.0,255.0,255.0,255.0,1857.0,20190701T102029_20190701T102032_T33UUV,Baalsee,53.2135494030641,12.64934677564753,"{""type"":""Point"",""coordinates"":[12.64934677564753,53.2135494030641]}"
73,160.0,11526.0,6308.0,5343.0,10872.0,9728.0,9176.0,9276.0,8747.0,8624.0,8880.0,100.0,0.0,0.0,0.0,1024.0,9.0,255.0,255.0,255.0,1268.0,20190323T102029_20190323T102023_T33UUU,Baalsee,53.2135494030641,12.64934677564753,"{""type"":""Point"",""coordinates"":[12.64934677564753,53.2135494030641]}"
74,131.0,384.0,368.0,323.0,326.0,440.0,365.0,413.0,365.0,375.0,405.0,0.0,0.0,0.0,0.0,0.0,10.0,34.0,45.0,38.0,1064.0,20190914T102021_20190914T102022_T33UUU,Baalsee,53.2135494030641,12.64934677564753,"{""type"":""Point"",""coordinates"":[12.64934677564753,53.2135494030641]}"
75,108.0,1676.0,1904.0,1105.0,2718.0,2188.0,1556.0,1701.0,1860.0,1857.0,3310.0,27.0,0.0,0.0,0.0,0.0,8.0,255.0,223.0,159.0,2229.0,20190601T102029_20190601T102031_T32UQE,Baalsee,53.2135494030641,12.64934677564753,"{""type"":""Point"",""coordinates"":[12.64934677564753,53.2135494030641]}"
76,114.0,9984.0,5700.0,4567.0,9072.0,8496.0,8012.0,8198.0,7812.0,7719.0,8232.0,100.0,0.0,0.0,0.0,1024.0,9.0,255.0,255.0,255.0,1253.0,20190527T102031_20190527T102026_T33UUV,Baalsee,53.2135494030641,12.64934677564753,"{""type"":""Point"",""coordinates"":[12.64934677564753,53.2135494030641]}"
77,120.0,2598.0,1854.0,1151.0,2686.0,1914.0,1352.0,1624.0,1879.0,1945.0,3060.0,20.0,0.0,0.0,0.0,0.0,6.0,255.0,195.0,138.0,2251.0,20190601T102029_20190601T102031_T33UUV,Baalsee,53.2135494030641,12.64934677564753,"{""type"":""Point"",""coordinates"":[12.64934677564753,53.2135494030641]}"
78,114.0,10404.0,5735.0,4571.0,9080.0,8472.0,8140.0,8286.0,7864.0,7708.0,8256.0,100.0,0.0,0.0,0.0,1024.0,9.0,255.0,255.0,255.0,1249.0,20190527T102031_20190527T102026_T32UQE,Baalsee,53.2135494030641,12.64934677564753,"{""type"":""Point"",""coordinates"":[12.64934677564753,53.2135494030641]}"
79,138.0,501.0,526.0,439.0,571.0,518.0,478.0,510.0,532.0,583.0,600.0,0.0,0.0,0.0,0.0,2048.0,10.0,59.0,53.0,49.0,1025.0,20190919T102019_20190919T102022_T32UQE,Baalsee,53.2135494030641,12.64934677564753,"{""type"":""Point"",""coordinates"":[12.64934677564753,53.2135494030641]}"
80,138.0,606.0,516.0,416.0,553.0,509.0,468.0,514.0,528.0,574.0,591.0,0.0,0.0,0.0,0.0,2048.0,10.0,57.0,53.0,48.0,1026.0,20190919T102019_20190919T102022_T33UUV,Baalsee,53.2135494030641,12.64934677564753,"{""type"":""Point"",""coordinates"":[12.64934677564753,53.2135494030641]}"
81,101.0,2782.0,2403.0,1847.0,3752.0,3252.0,3206.0,2854.0,2640.0,2537.0,3918.0,100.0,0.0,0.0,0.0,1024.0,9.0,255.0,255.0,255.0,607.0,20190308T102021_20190308T102017_T33UUV,Baalsee,53.2135494030641,12.64934677564753,"{""type"":""Point"",""coordinates"":[12.64934677564753,53.2135494030641]}"
82,154.0,5169.0,4190.0,3870.0,4388.0,4400.0,4396.0,4687.0,4681.0,4620.0,4628.0,100.0,0.0,0.0,0.0,1024.0,9.0,255.0,255.0,255.0,1524.0,20190226T102021_20190226T102019_T33UUU,Baalsee,53.2135494030641,12.64934677564753,"{""type"":""Point"",""coordinates"":[12.64934677564753,53.2135494030641]}"
83,228.0,1071.0,774.0,646.0,1080.0,1108.0,937.0,1061.0,1195.0,1273.0,1372.0,6.0,0.0,0.0,0.0,2048.0,10.0,110.0,113.0,96.0,1826.0,20190621T102029_20190621T102031_T33UUV,Baalsee,53.2135494030641,12.64934677564753,"{""type"":""Point"",""coordinates"":[12.64934677564753,53.2135494030641]}"
84,228.0,1104.0,779.0,650.0,1086.0,1118.0,936.0,1064.0,1202.0,1286.0,1342.0,6.0,0.0,0.0,0.0,2048.0,10.0,111.0,114.0,96.0,1827.0,20190621T102029_20190621T102031_T32UQE,Baalsee,53.2135494030641,12.64934677564753,"{""type"":""Point"",""coordinates"":[12.64934677564753,53.2135494030641]}"
85,425.0,343.0,405.0,307.0,456.0,615.0,462.0,508.0,384.0,430.0,415.0,0.0,0.0,0.0,0.0,0.0,6.0,47.0,63.0,47.0,2920.0,20190611T102029_20190611T102030_T32UQE,Baalsee,53.2135494030641,12.64934677564753,"{""type"":""Point"",""coordinates"":[12.64934677564753,53.2135494030641]}"
86,77.0,5969.0,4085.0,3306.0,6200.0,5584.0,5272.0,5391.0,5137.0,4907.0,5972.0,100.0,0.0,0.0,0.0,1024.0,9.0,255.0,255.0,255.0,784.0,20190313T102019_20190313T102552_T32UQE,Baalsee,53.2135494030641,12.64934677564753,"{""type"":""Point"",""coordinates"":[12.64934677564753,53.2135494030641]}"
87,150.0,278.0,348.0,308.0,274.0,380.0,315.0,364.0,300.0,316.0,341.0,0.0,0.0,0.0,0.0,0.0,10.0,28.0,39.0,33.0,1123.0,20190914T102021_20190914T102022_T32UQE,Baalsee,53.2135494030641,12.64934677564753,"{""type"":""Point"",""coordinates"":[12.64934677564753,53.2135494030641]}"
88,151.0,291.0,353.0,314.0,255.0,385.0,325.0,371.0,310.0,321.0,354.0,0.0,0.0,0.0,0.0,0.0,10.0,26.0,40.0,34.0,1127.0,20190914T102021_20190914T102022_T33UUV,Baalsee,53.2135494030641,12.64934677564753,"{""type"":""Point"",""coordinates"":[12.64934677564753,53.2135494030641]}"
89,260.0,1070.0,777.0,651.0,1084.0,1110.0,937.0,1061.0,1177.0,1254.0,1354.0,6.0,0.0,0.0,0.0,2048.0,10.0,111.0,113.0,96.0,1881.0,20190621T102029_20190621T102031_T33UUU,Baalsee,53.2135494030641,12.64934677564753,"{""type"":""Point"",""coordinates"":[12.64934677564753,53.2135494030641]}"
90,126.0,418.0,330.0,345.0,502.0,393.0,486.0,501.0,426.0,493.0,552.0,0.0,0.0,0.0,0.0,2048.0,10.0,52.0,40.0,50.0,1443.0,20191218T102339_20191218T102427_T32UQE,Baalsee,53.2135494030641,12.64934677564753,"{""type"":""Point"",""coordinates"":[12.64934677564753,53.2135494030641]}"
91,113.0,3610.0,2626.0,1982.0,3906.0,3342.0,3310.0,3092.0,2971.0,2763.0,4084.0,100.0,0.0,0.0,0.0,1024.0,9.0,255.0,255.0,255.0,611.0,20190308T102021_20190308T102017_T32UQE,Baalsee,53.2135494030641,12.64934677564753,"{""type"":""Point"",""coordinates"":[12.64934677564753,53.2135494030641]}"
92,120.0,452.0,323.0,363.0,519.0,392.0,470.0,502.0,436.0,504.0,527.0,0.0,0.0,0.0,0.0,2048.0,10.0,53.0,40.0,48.0,1434.0,20191218T102339_20191218T102427_T33UUV,Baalsee,53.2135494030641,12.64934677564753,"{""type"":""Point"",""coordinates"":[12.64934677564753,53.2135494030641]}"
93,425.0,324.0,409.0,301.0,460.0,611.0,450.0,508.0,388.0,437.0,398.0,0.0,0.0,0.0,0.0,0.0,6.0,47.0,63.0,46.0,2907.0,20190611T102029_20190611T102030_T33UUV,Baalsee,53.2135494030641,12.64934677564753,"{""type"":""Point"",""coordinates"":[12.64934677564753,53.2135494030641]}"
94,77.0,6030.0,3964.0,3270.0,6112.0,5484.0,5224.0,5196.0,4981.0,4789.0,5908.0,100.0,0.0,0.0,0.0,1024.0,9.0,255.0,255.0,255.0,775.0,20190313T102019_20190313T102552_T33UUV,Baalsee,53.2135494030641,12.64934677564753,"{""type"":""Point"",""coordinates"":[12.64934677564753,53.2135494030641]}"
95,102.0,7349.0,3642.0,2518.0,7528.0,6612.0,5944.0,6071.0,5809.0,5621.0,6540.0,100.0,0.0,0.0,0.0,1024.0,9.0,255.0,255.0,255.0,1021.0,20191128T102259_20191128T102255_T33UUU,Baalsee,53.2135494030641,12.64934677564753,"{""type"":""Point"",""coordinates"":[12.64934677564753,53.2135494030641]}"
96,186.0,8468.0,4064.0,3684.0,7540.0,6836.0,6416.0,6860.0,6532.0,6238.0,6552.0,100.0,0.0,0.0,0.0,1024.0,9.0,255.0,255.0,255.0,1735.0,20190904T102021_20190904T102045_T33UUU,Baalsee,53.2135494030641,12.64934677564753,"{""type"":""Point"",""coordinates"":[12.64934677564753,53.2135494030641]}"
97,114.0,464.0,152.0,97.0,423.0,497.0,332.0,387.0,281.0,288.0,204.0,0.0,0.0,0.0,0.0,0.0,6.0,43.0,51.0,34.0,1576.0,20190517T102031_20190517T102508_T32UQE,Baalsee,53.2135494030641,12.64934677564753,"{""type"":""Point"",""coordinates"":[12.64934677564753,53.2135494030641]}"
98,204.0,5345.0,2702.0,1530.0,5508.0,5372.0,5332.0,5313.0,5286.0,5404.0,5356.0,100.0,0.0,0.0,0.0,1024.0,9.0,255.0,255.0,255.0,696.0,20190929T102029_20190929T102023_T33UUU,Baalsee,53.2135494030641,12.64934677564753,"{""type"":""Point"",""coordinates"":[12.64934677564753,53.2135494030641]}"
99,156.0,9075.0,5239.0,4385.0,8060.0,7368.0,7236.0,7478.0,7102.0,7031.0,6764.0,100.0,0.0,0.0,0.0,1024.0,9.0,255.0,255.0,255.0,1019.0,20191203T102401_20191203T102415_T33UUU,Baalsee,53.2135494030641,12.64934677564753,"{""type"":""Point"",""coordinates"":[12.64934677564753,53.2135494030641]}"
100,131.0,1186.0,316.0,237.0,899.0,908.0,631.0,668.0,581.0,559.0,670.0,0.0,0.0,0.0,0.0,0.0,6.0,92.0,93.0,65.0,1378.0,20190427T102031_20190427T102320_T33UUU,Baalsee,53.2135494030641,12.64934677564753,"{""type"":""Point"",""coordinates"":[12.64934677564753,53.2135494030641]}"
101,168.0,119.0,116.0,83.0,167.0,218.0,162.0,168.0,96.0,97.0,102.0,0.0,0.0,0.0,0.0,0.0,6.0,19.0,23.0,17.0,1625.0,20190820T102029_20190820T102459_T33UUU,Baalsee,53.2135494030641,12.64934677564753,"{""type"":""Point"",""coordinates"":[12.64934677564753,53.2135494030641]}"
102,114.0,495.0,178.0,106.0,417.0,496.0,322.0,418.0,344.0,332.0,232.0,0.0,0.0,0.0,0.0,0.0,6.0,43.0,51.0,33.0,1588.0,20190517T102031_20190517T102508_T33UUV,Baalsee,53.2135494030641,12.64934677564753,"{""type"":""Point"",""coordinates"":[12.64934677564753,53.2135494030641]}"
103,202.0,7004.0,3788.0,2777.0,6020.0,5524.0,5524.0,5685.0,5485.0,5391.0,5716.0,100.0,0.0,0.0,0.0,1024.0,9.0,255.0,255.0,255.0,681.0,20190318T102021_20190318T102020_T32UQE,Baalsee,53.2135494030641,12.64934677564753,"{""type"":""Point"",""coordinates"":[12.64934677564753,53.2135494030641]}"
104,202.0,6616.0,3780.0,2785.0,6016.0,5448.0,5492.0,5639.0,5440.0,5373.0,5708.0,100.0,0.0,0.0,0.0,1024.0,9.0,255.0,255.0,255.0,674.0,20190318T102021_20190318T102020_T33UUV,Baalsee,53.2135494030641,12.64934677564753,"{""type"":""Point"",""coordinates"":[12.64934677564753,53.2135494030641]}"
105,120.0,477.0,323.0,363.0,534.0,400.0,473.0,504.0,436.0,504.0,527.0,0.0,0.0,0.0,0.0,2048.0,10.0,54.0,41.0,50.0,1436.0,20191218T102339_20191218T102427_T33UUU,Baalsee,53.2135494030641,12.64934677564753,"{""type"":""Point"",""coordinates"":[12.64934677564753,53.2135494030641]}"
106,204.0,4918.0,1438.0,1556.0,5028.0,5124.0,5180.0,5452.0,5444.0,5486.0,5744.0,0.0,100.0,0.0,0.0,1024.0,8.0,255.0,255.0,255.0,819.0,20190706T102031_20190706T102357_T32UQE,Baalsee,53.2135494030641,12.64934677564753,"{""type"":""Point"",""coordinates"":[12.64934677564753,53.2135494030641]}"
107,204.0,4834.0,1435.0,1546.0,4984.0,5064.0,5168.0,5429.0,5414.0,5479.0,5712.0,0.0,100.0,0.0,0.0,1024.0,8.0,255.0,255.0,255.0,828.0,20190706T102031_20190706T102357_T33UUV,Baalsee,53.2135494030641,12.64934677564753,"{""type"":""Point"",""coordinates"":[12.64934677564753,53.2135494030641]}"
108,142.0,8090.0,5339.0,4502.0,7500.0,6856.0,6776.0,7047.0,6913.0,6816.0,7236.0,100.0,0.0,0.0,0.0,1024.0,9.0,255.0,255.0,255.0,553.0,20190412T102029_20190412T102028_T33UUV,Baalsee,53.2135494030641,12.64934677564753,"{""type"":""Point"",""coordinates"":[12.64934677564753,53.2135494030641]}"
109,202.0,7413.0,3878.0,2842.0,6656.0,5932.0,5884.0,5924.0,5728.0,5657.0,6032.0,100.0,0.0,0.0,0.0,1024.0,9.0,255.0,255.0,255.0,577.0,20190318T102021_20190318T102020_T33UUU,Baalsee,53.2135494030641,12.64934677564753,"{""type"":""Point"",""coordinates"":[12.64934677564753,53.2135494030641]}"
110,166.0,8561.0,5344.0,4511.0,7740.0,6992.0,6844.0,7147.0,6984.0,6893.0,7332.0,100.0,0.0,0.0,0.0,1024.0,9.0,255.0,255.0,255.0,561.0,20190412T102029_20190412T102028_T32UQE,Baalsee,53.2135494030641,12.64934677564753,"{""type"":""Point"",""coordinates"":[12.64934677564753,53.2135494030641]}"
111,168.0,7975.0,3618.0,2805.0,6904.0,5640.0,5560.0,5730.0,5573.0,5435.0,5296.0,100.0,0.0,0.0,0.0,1024.0,9.0,255.0,255.0,255.0,1185.0,20191223T102431_20191223T102430_T33UUU,Baalsee,53.2135494030641,12.64934677564753,"{""type"":""Point"",""coordinates"":[12.64934677564753,53.2135494030641]}"
112,204.0,7073.0,4075.0,3618.0,6436.0,6104.0,5928.0,6423.0,6488.0,6566.0,6224.0,100.0,0.0,0.0,0.0,1024.0,9.0,255.0,255.0,255.0,1820.0,20190616T102031_20190616T102027_T33UUU,Baalsee,53.2135494030641,12.64934677564753,"{""type"":""Point"",""coordinates"":[12.64934677564753,53.2135494030641]}"
113,144.0,6326.0,3636.0,2405.0,7060.0,6268.0,5824.0,5806.0,5669.0,5554.0,6636.0,100.0,0.0,0.0,0.0,1024.0,9.0,255.0,255.0,255.0,501.0,20191128T102259_20191128T102255_T32UQE,Baalsee,53.2135494030641,12.64934677564753,"{""type"":""Point"",""coordinates"":[12.64934677564753,53.2135494030641]}"
114,166.0,1641.0,2508.0,1901.0,3052.0,2822.0,2954.0,2609.0,2446.0,2381.0,3898.0,100.0,0.0,0.0,0.0,1024.0,9.0,255.0,255.0,255.0,532.0,20190308T102021_20190308T102017_T33UUU,Baalsee,53.2135494030641,12.64934677564753,"{""type"":""Point"",""coordinates"":[12.64934677564753,53.2135494030641]}"
115,125.0,8092.0,3098.0,2045.0,7416.0,6432.0,6276.0,6359.0,6171.0,6061.0,6348.0,100.0,0.0,0.0,0.0,1024.0,9.0,255.0,255.0,255.0,494.0,20190211T102149_20190211T102246_T33UUU,Baalsee,53.2135494030641,12.64934677564753,"{""type"":""Point"",""coordinates"":[12.64934677564753,53.2135494030641]}"
116,77.0,7177.0,3229.0,2414.0,6324.0,5336.0,5040.0,5079.0,5032.0,5015.0,5208.0,100.0,0.0,0.0,0.0,1024.0,9.0,255.0,255.0,255.0,342.0,20190117T102351_20190117T102347_T33UUU,Baalsee,53.2135494030641,12.64934677564753,"{""type"":""Point"",""coordinates"":[12.64934677564753,53.2135494030641]}"
117,204.0,2940.0,2158.0,2023.0,3084.0,3208.0,3230.0,3518.0,3930.0,4125.0,4340.0,100.0,0.0,0.0,0.0,1024.0,9.0,255.0,255.0,255.0,813.0,20190805T102031_20190805T102440_T33UUU,Baalsee,53.2135494030641,12.64934677564753,"{""type"":""Point"",""coordinates"":[12.64934677564753,53.2135494030641]}"
118,144.0,6211.0,3650.0,2426.0,6828.0,6236.0,5752.0,5749.0,5615.0,5536.0,6520.0,100.0,0.0,0.0,0.0,1024.0,9.0,255.0,255.0,255.0,499.0,20191128T102259_20191128T102255_T33UUV,Baalsee,53.2135494030641,12.64934677564753,"{""type"":""Point"",""coordinates"":[12.64934677564753,53.2135494030641]}"
119,202.0,8266.0,4361.0,3040.0,7936.0,7628.0,7652.0,8107.0,7748.0,7591.0,7656.0,100.0,0.0,0.0,0.0,1024.0,9.0,255.0,255.0,255.0,792.0,20190107T102411_20190107T102405_T33UUU,Baalsee,53.2135494030641,12.64934677564753,"{""type"":""Point"",""coordinates"":[12.64934677564753,53.2135494030641]}"
120,204.0,11689.0,5156.0,4226.0,10360.0,9288.0,8656.0,9121.0,8588.0,8315.0,8232.0,100.0,0.0,0.0,0.0,1024.0,9.0,255.0,255.0,255.0,2069.0,20190924T102021_20190924T102418_T33UUU,Baalsee,53.2135494030641,12.64934677564753,"{""type"":""Point"",""coordinates"":[12.64934677564753,53.2135494030641]}"
121,204.0,1768.0,1212.0,1134.0,1736.0,1704.0,1554.0,1762.0,1727.0,1705.0,1818.0,22.0,0.0,0.0,0.0,2048.0,8.0,177.0,174.0,158.0,1310.0,20191019T102029_20191019T102031_T33UUV,Baalsee,53.2135494030641,12.64934677564753,"{""type"":""Point"",""coordinates"":[12.64934677564753,53.2135494030641]}"
122,204.0,5423.0,2624.0,1507.0,5556.0,5368.0,5308.0,5306.0,5254.0,5323.0,5260.0,100.0,0.0,0.0,0.0,1024.0,9.0,255.0,255.0,255.0,878.0,20190929T102029_20190929T102023_T32UQE,Baalsee,53.2135494030641,12.64934677564753,"{""type"":""Point"",""coordinates"":[12.64934677564753,53.2135494030641]}"
123,204.0,5480.0,2627.0,1507.0,5552.0,5372.0,5288.0,5312.0,5243.0,5317.0,5268.0,100.0,0.0,0.0,0.0,1024.0,9.0,255.0,255.0,255.0,869.0,20190929T102029_20190929T102023_T33UUV,Baalsee,53.2135494030641,12.64934677564753,"{""type"":""Point"",""coordinates"":[12.64934677564753,53.2135494030641]}"
124,125.0,6594.0,2978.0,1955.0,6292.0,5680.0,5700.0,5854.0,5737.0,5671.0,5928.0,100.0,0.0,0.0,0.0,1024.0,9.0,255.0,255.0,255.0,426.0,20190211T102149_20190211T102246_T33UUV,Baalsee,53.2135494030641,12.64934677564753,"{""type"":""Point"",""coordinates"":[12.64934677564753,53.2135494030641]}"
125,119.0,7237.0,3234.0,2403.0,6132.0,5396.0,5109.0,5123.0,5037.0,5011.0,5473.0,100.0,0.0,0.0,0.0,1024.0,9.0,255.0,255.0,255.0,393.0,20190117T102351_20190117T102347_T32UQE,Baalsee,53.2135494030641,12.64934677564753,"{""type"":""Point"",""coordinates"":[12.64934677564753,53.2135494030641]}"
126,142.0,7160.0,2967.0,1976.0,6500.0,5816.0,5712.0,5923.0,5830.0,5765.0,6076.0,100.0,0.0,0.0,0.0,1024.0,9.0,255.0,255.0,255.0,425.0,20190211T102149_20190211T102246_T32UQE,Baalsee,53.2135494030641,12.64934677564753,"{""type"":""Point"",""coordinates"":[12.64934677564753,53.2135494030641]}"
127,125.0,6703.0,3273.0,2449.0,6084.0,5251.0,5044.0,5151.0,5100.0,5081.0,5247.0,100.0,0.0,0.0,0.0,1024.0,9.0,255.0,255.0,255.0,399.0,20190117T102351_20190117T102347_T33UUV,Baalsee,53.2135494030641,12.64934677564753,"{""type"":""Point"",""coordinates"":[12.64934677564753,53.2135494030641]}"
128,204.0,1158.0,1955.0,2016.0,1660.0,2112.0,2462.0,2751.0,3032.0,3203.0,3494.0,100.0,0.0,0.0,0.0,1024.0,9.0,169.0,215.0,251.0,523.0,20191004T102031_20191004T102025_T33UUU,Baalsee,53.2135494030641,12.64934677564753,"{""type"":""Point"",""coordinates"":[12.64934677564753,53.2135494030641]}"
129,186.0,3675.0,1883.0,1858.0,2822.0,2584.0,2568.0,2790.0,2797.0,2785.0,2536.0,74.0,0.0,0.0,0.0,1024.0,8.0,255.0,255.0,255.0,1082.0,20191009T102029_20191009T102303_T33UUU,Baalsee,53.2135494030641,12.64934677564753,"{""type"":""Point"",""coordinates"":[12.64934677564753,53.2135494030641]}"
130,156.0,7396.0,3595.0,2753.0,6540.0,5428.0,5420.0,5541.0,5475.0,5386.0,5272.0,100.0,0.0,0.0,0.0,1024.0,9.0,255.0,255.0,255.0,924.0,20191223T102431_20191223T102430_T33UUV,Baalsee,53.2135494030641,12.64934677564753,"{""type"":""Point"",""coordinates"":[12.64934677564753,53.2135494030641]}"
131,156.0,8159.0,3543.0,2673.0,6396.0,5416.0,5376.0,5514.0,5437.0,5298.0,5284.0,100.0,0.0,0.0,0.0,1024.0,9.0,255.0,255.0,255.0,925.0,20191223T102431_20191223T102430_T32UQE,Baalsee,53.2135494030641,12.64934677564753,"{""type"":""Point"",""coordinates"":[12.64934677564753,53.2135494030641]}"
132,204.0,10091.0,4423.0,3404.0,9952.0,9888.0,9848.0,10046.0,9844.0,9749.0,10136.0,100.0,0.0,0.0,0.0,1024.0,9.0,255.0,255.0,255.0,740.0,20190815T102031_20190815T102026_T33UUV,Baalsee,53.2135494030641,12.64934677564753,"{""type"":""Point"",""coordinates"":[12.64934677564753,53.2135494030641]}"
133,202.0,11642.0,6220.0,5228.0,10936.0,9840.0,9264.0,9260.0,8682.0,8561.0,8872.0,100.0,0.0,0.0,0.0,1024.0,9.0,255.0,255.0,255.0,1126.0,20190323T102029_20190323T102023_T32UQE,Baalsee,53.2135494030641,12.64934677564753,"{""type"":""Point"",""coordinates"":[12.64934677564753,53.2135494030641]}"
134,202.0,11447.0,6221.0,5216.0,10872.0,9752.0,9232.0,9232.0,8650.0,8528.0,8808.0,100.0,0.0,0.0,0.0,1024.0,9.0,255.0,255.0,255.0,1126.0,20190323T102029_20190323T102023_T33UUV,Baalsee,53.2135494030641,12.64934677564753,"{""type"":""Point"",""coordinates"":[12.64934677564753,53.2135494030641]}"
135,192.0,4541.0,3257.0,3378.0,4292.0,3666.0,3554.0,3629.0,3671.0,3646.0,4208.0,100.0,0.0,0.0,0.0,1024.0,9.0,255.0,255.0,255.0,543.0,20191228T102339_20191228T102333_T33UUU,Baalsee,53.2135494030641,12.64934677564753,"{""type"":""Point"",""coordinates"":[12.64934677564753,53.2135494030641]}"
136,204.0,10215.0,4439.0,3408.0,10016.0,9928.0,9920.0,10093.0,9862.0,9791.0,10216.0,100.0,0.0,0.0,0.0,1024.0,9.0,255.0,255.0,255.0,733.0,20190815T102031_20190815T102026_T32UQE,Baalsee,53.2135494030641,12.64934677564753,"{""type"":""Point"",""coordinates"":[12.64934677564753,53.2135494030641]}"
137,204.0,1775.0,1217.0,1136.0,1754.0,1680.0,1568.0,1756.0,1751.0,1720.0,1826.0,22.0,0.0,0.0,0.0,2048.0,8.0,179.0,171.0,160.0,1298.0,20191019T102029_20191019T102031_T32UQE,Baalsee,53.2135494030641,12.64934677564753,"{""type"":""Point"",""coordinates"":[12.64934677564753,53.2135494030641]}"
138,150.0,8494.0,5974.0,4928.0,8124.0,7520.0,7308.0,7684.0,7546.0,7458.0,7436.0,100.0,0.0,0.0,0.0,1024.0,9.0,255.0,255.0,255.0,1756.0,20190716T102031_20190716T102028_T33UUV,Baalsee,53.2135494030641,12.64934677564753,"{""type"":""Point"",""coordinates"":[12.64934677564753,53.2135494030641]}"
139,202.0,5767.0,4147.0,3335.0,5104.0,4992.0,5304.0,5415.0,5697.0,5896.0,5592.0,100.0,0.0,0.0,0.0,1024.0,9.0,255.0,255.0,255.0,276.0,20190127T102311_20190127T102327_T33UUU,Baalsee,53.2135494030641,12.64934677564753,"{""type"":""Point"",""coordinates"":[12.64934677564753,53.2135494030641]}"
140,162.0,9138.0,5970.0,4970.0,8296.0,7640.0,7352.0,7780.0,7624.0,7566.0,7500.0,100.0,0.0,0.0,0.0,1024.0,9.0,255.0,255.0,255.0,1769.0,20190716T102031_20190716T102028_T32UQE,Baalsee,53.2135494030641,12.64934677564753,"{""type"":""Point"",""coordinates"":[12.64934677564753,53.2135494030641]}"
141,204.0,5916.0,2901.0,2657.0,4372.0,3867.0,3540.0,3612.0,3508.0,3481.0,3440.0,100.0,0.0,0.0,0.0,1024.0,9.0,255.0,255.0,255.0,1165.0,20191123T102341_20191123T102417_T33UUU,Baalsee,53.2135494030641,12.64934677564753,"{""type"":""Point"",""coordinates"":[12.64934677564753,53.2135494030641]}"
142,202.0,5697.0,4187.0,3467.0,5104.0,5040.0,5352.0,5638.0,5839.0,5970.0,5636.0,100.0,0.0,0.0,0.0,1024.0,9.0,255.0,255.0,255.0,583.0,20190127T102311_20190127T102327_T33UUV,Baalsee,53.2135494030641,12.64934677564753,"{""type"":""Point"",""coordinates"":[12.64934677564753,53.2135494030641]}"
143,126.0,5629.0,1447.0,1538.0,5560.0,5464.0,5460.0,5609.0,5600.0,5671.0,5876.0,0.0,100.0,0.0,0.0,1024.0,8.0,255.0,255.0,255.0,605.0,20190706T102031_20190706T102357_T33UUU,Baalsee,53.2135494030641,12.64934677564753,"{""type"":""Point"",""coordinates"":[12.64934677564753,53.2135494030641]}"
144,202.0,5916.0,4151.0,3416.0,5108.0,5020.0,5288.0,5571.0,5846.0,5968.0,5672.0,100.0,0.0,0.0,0.0,1024.0,9.0,255.0,255.0,255.0,585.0,20190127T102311_20190127T102327_T32UQE,Baalsee,53.2135494030641,12.64934677564753,"{""type"":""Point"",""coordinates"":[12.64934677564753,53.2135494030641]}"
145,174.0,7929.0,3981.0,3597.0,7176.0,6568.0,6188.0,6612.0,6331.0,6054.0,6392.0,100.0,0.0,0.0,0.0,1024.0,9.0,255.0,255.0,255.0,1612.0,20190904T102021_20190904T102045_T33UUV,Baalsee,53.2135494030641,12.64934677564753,"{""type"":""Point"",""coordinates"":[12.64934677564753,53.2135494030641]}"
146,148.0,3848.0,3157.0,2634.0,3708.0,3680.0,3508.0,3815.0,3976.0,3777.0,4432.0,100.0,0.0,0.0,0.0,1024.0,9.0,255.0,255.0,255.0,644.0,20190206T102211_20190206T102327_T33UUU,Baalsee,53.2135494030641,12.64934677564753,"{""type"":""Point"",""coordinates"":[12.64934677564753,53.2135494030641]}"
147,202.0,3294.0,3091.0,2616.0,3544.0,3614.0,3386.0,3779.0,3933.0,3795.0,4288.0,100.0,0.0,0.0,0.0,1024.0,9.0,255.0,255.0,255.0,769.0,20190206T102211_20190206T102327_T32UQE,Baalsee,53.2135494030641,12.64934677564753,"{""type"":""Point"",""coordinates"":[12.64934677564753,53.2135494030641]}"
148,201.0,8594.0,3093.0,2086.0,8036.0,7056.0,6928.0,7077.0,6832.0,6684.0,6832.0,100.0,0.0,0.0,0.0,1024.0,9.0,255.0,255.0,255.0,696.0,20190112T102409_20190112T102555_T33UUV,Baalsee,53.2135494030641,12.64934677564753,"{""type"":""Point"",""coordinates"":[12.64934677564753,53.2135494030641]}"
149,202.0,5108.0,4091.0,3792.0,4316.0,4372.0,4364.0,4704.0,4669.0,4580.0,4572.0,100.0,0.0,0.0,0.0,1024.0,9.0,255.0,255.0,255.0,1669.0,20190226T102021_20190226T102019_T33UUV,Baalsee,53.2135494030641,12.64934677564753,"{""type"":""Point"",""coordinates"":[12.64934677564753,53.2135494030641]}"
150,202.0,1050.0,297.0,227.0,780.0,822.0,562.0,602.0,488.0,461.0,577.0,0.0,0.0,0.0,0.0,0.0,6.0,80.0,84.0,58.0,1381.0,20190427T102031_20190427T102320_T33UUV,Baalsee,53.2135494030641,12.64934677564753,"{""type"":""Point"",""coordinates"":[12.64934677564753,53.2135494030641]}"
151,202.0,4787.0,4096.0,3845.0,4336.0,4284.0,4276.0,4704.0,4701.0,4645.0,4512.0,100.0,0.0,0.0,0.0,1024.0,9.0,255.0,255.0,255.0,1679.0,20190226T102021_20190226T102019_T32UQE,Baalsee,53.2135494030641,12.64934677564753,"{""type"":""Point"",""coordinates"":[12.64934677564753,53.2135494030641]}"
152,186.0,3691.0,1798.0,1751.0,2620.0,2554.0,2492.0,2687.0,2679.0,2690.0,2464.0,70.0,0.0,0.0,0.0,1024.0,8.0,255.0,255.0,254.0,998.0,20191009T102029_20191009T102303_T32UQE,Baalsee,53.2135494030641,12.64934677564753,"{""type"":""Point"",""coordinates"":[12.64934677564753,53.2135494030641]}"
153,202.0,3652.0,3047.0,2549.0,3574.0,3584.0,3432.0,3756.0,3886.0,3669.0,4336.0,100.0,0.0,0.0,0.0,1024.0,9.0,255.0,255.0,255.0,778.0,20190206T102211_20190206T102327_T33UUV,Baalsee,53.2135494030641,12.64934677564753,"{""type"":""Point"",""coordinates"":[12.64934677564753,53.2135494030641]}"
154,204.0,5060.0,1942.0,2025.0,4540.0,4104.0,3818.0,3945.0,3959.0,3981.0,4200.0,100.0,0.0,0.0,0.0,1024.0,9.0,255.0,255.0,255.0,803.0,20191004T102031_20191004T102025_T33UUV,Baalsee,53.2135494030641,12.64934677564753,"{""type"":""Point"",""coordinates"":[12.64934677564753,53.2135494030641]}"
155,202.0,1017.0,317.0,238.0,809.0,879.0,587.0,613.0,502.0,474.0,656.0,0.0,0.0,0.0,0.0,0.0,6.0,83.0,90.0,60.0,1374.0,20190427T102031_20190427T102320_T32UQE,Baalsee,53.2135494030641,12.64934677564753,"{""type"":""Point"",""coordinates"":[12.64934677564753,53.2135494030641]}"
156,201.0,8690.0,3086.0,2060.0,8068.0,7044.0,6864.0,7000.0,6821.0,6611.0,6832.0,100.0,0.0,0.0,0.0,1024.0,9.0,255.0,255.0,255.0,691.0,20190112T102409_20190112T102555_T32UQE,Baalsee,53.2135494030641,12.64934677564753,"{""type"":""Point"",""coordinates"":[12.64934677564753,53.2135494030641]}"
157,180.0,7892.0,3985.0,3586.0,7232.0,6636.0,6240.0,6579.0,6358.0,6053.0,6440.0,100.0,0.0,0.0,0.0,1024.0,9.0,255.0,255.0,255.0,1577.0,20190904T102021_20190904T102045_T32UQE,Baalsee,53.2135494030641,12.64934677564753,"{""type"":""Point"",""coordinates"":[12.64934677564753,53.2135494030641]}"
158,186.0,3525.0,1843.0,1811.0,2700.0,2498.0,2482.0,2709.0,2732.0,2727.0,2480.0,74.0,0.0,0.0,0.0,1024.0,8.0,255.0,254.0,253.0,992.0,20191009T102029_20191009T102303_T33UUV,Baalsee,53.2135494030641,12.64934677564753,"{""type"":""Point"",""coordinates"":[12.64934677564753,53.2135494030641]}"
159,202.0,8096.0,3082.0,2080.0,7632.0,6756.0,6720.0,6881.0,6653.0,6521.0,6688.0,100.0,0.0,0.0,0.0,1024.0,9.0,255.0,255.0,255.0,692.0,20190112T102409_20190112T102555_T33UUU,Baalsee,53.2135494030641,12.64934677564753,"{""type"":""Point"",""coordinates"":[12.64934677564753,53.2135494030641]}"
160,204.0,5050.0,1946.0,2035.0,4584.0,4112.0,3814.0,3951.0,3975.0,3986.0,4236.0,100.0,0.0,0.0,0.0,1024.0,9.0,255.0,255.0,255.0,814.0,20191004T102031_20191004T102025_T32UQE,Baalsee,53.2135494030641,12.64934677564753,"{""type"":""Point"",""coordinates"":[12.64934677564753,53.2135494030641]}"
161,138.0,4233.0,3302.0,3463.0,4244.0,3584.0,3504.0,3649.0,3680.0,3705.0,4264.0,100.0,0.0,0.0,0.0,1024.0,9.0,255.0,255.0,255.0,513.0,20191228T102339_20191228T102333_T32UQE,Baalsee,53.2135494030641,12.64934677564753,"{""type"":""Point"",""coordinates"":[12.64934677564753,53.2135494030641]}"
162,180.0,3250.0,2136.0,2009.0,3310.0,3362.0,3332.0,3611.0,3999.0,4177.0,4364.0,100.0,0.0,0.0,0.0,1024.0,9.0,255.0,255.0,255.0,869.0,20190805T102031_20190805T102440_T33UUV,Baalsee,53.2135494030641,12.64934677564753,"{""type"":""Point"",""coordinates"":[12.64934677564753,53.2135494030641]}"
163,174.0,3082.0,2140.0,2015.0,3254.0,3326.0,3322.0,3571.0,3997.0,4173.0,4344.0,100.0,0.0,0.0,0.0,1024.0,9.0,255.0,255.0,255.0,835.0,20190805T102031_20190805T102440_T32UQE,Baalsee,53.2135494030641,12.64934677564753,"{""type"":""Point"",""coordinates"":[12.64934677564753,53.2135494030641]}"
164,202.0,8379.0,4300.0,3029.0,7928.0,7568.0,7584.0,8053.0,7703.0,7563.0,7504.0,100.0,0.0,0.0,0.0,1024.0,9.0,255.0,255.0,255.0,806.0,20190107T102411_20190107T102405_T32UQE,Baalsee,53.2135494030641,12.64934677564753,"{""type"":""Point"",""coordinates"":[12.64934677564753,53.2135494030641]}"
165,138.0,4225.0,3204.0,3338.0,4020.0,3476.0,3394.0,3477.0,3539.0,3526.0,4056.0,100.0,0.0,0.0,0.0,1024.0,9.0,255.0,255.0,255.0,511.0,20191228T102339_20191228T102333_T33UUV,Baalsee,53.2135494030641,12.64934677564753,"{""type"":""Point"",""coordinates"":[12.64934677564753,53.2135494030641]}"
166,202.0,8294.0,4362.0,3043.0,7992.0,7692.0,7708.0,8169.0,7806.0,7642.0,7704.0,100.0,0.0,0.0,0.0,1024.0,9.0,255.0,255.0,255.0,797.0,20190107T102411_20190107T102405_T33UUV,Baalsee,53.2135494030641,12.64934677564753,"{""type"":""Point"",""coordinates"":[12.64934677564753,53.2135494030641]}"
167,204.0,7781.0,5804.0,4588.0,7568.0,7628.0,7496.0,7753.0,7572.0,7582.0,8148.0,100.0,0.0,0.0,0.0,1024.0,9.0,255.0,255.0,255.0,1055.0,20190527T102031_20190527T102026_T33UUU,Baalsee,53.2135494030641,12.64934677564753,"{""type"":""Point"",""coordinates"":[12.64934677564753,53.2135494030641]}"
168,198.0,9460.0,5251.0,4410.0,8240.0,7552.0,7260.0,7536.0,7043.0,7037.0,6708.0,100.0,0.0,0.0,0.0,1024.0,9.0,255.0,255.0,255.0,959.0,20191203T102401_20191203T102415_T32UQE,Baalsee,53.2135494030641,12.64934677564753,"{""type"":""Point"",""coordinates"":[12.64934677564753,53.2135494030641]}"
169,198.0,9485.0,5298.0,4417.0,8416.0,7640.0,7524.0,7643.0,7150.0,7078.0,6832.0,100.0,0.0,0.0,0.0,1024.0,9.0,255.0,255.0,255.0,967.0,20191203T102401_20191203T102415_T33UUV,Baalsee,53.2135494030641,12.64934677564753,"{""type"":""Point"",""coordinates"":[12.64934677564753,53.2135494030641]}"
170,204.0,3563.0,2146.0,2030.0,3558.0,3750.0,3804.0,3997.0,4370.0,4581.0,4656.0,100.0,0.0,0.0,0.0,1024.0,9.0,255.0,255.0,255.0,519.0,20190731T102029_20190731T102031_T33UUU,Baalsee,53.2135494030641,12.64934677564753,"{""type"":""Point"",""coordinates"":[12.64934677564753,53.2135494030641]}"
171,204.0,10510.0,4470.0,3428.0,10272.0,10120.0,10048.0,10196.0,9990.0,9897.0,10304.0,100.0,0.0,0.0,0.0,1024.0,9.0,255.0,255.0,255.0,684.0,20190815T102031_20190815T102026_T33UUU,Baalsee,53.2135494030641,12.64934677564753,"{""type"":""Point"",""coordinates"":[12.64934677564753,53.2135494030641]}"
172,204.0,14778.0,5072.0,4794.0,14016.0,12688.0,12128.0,12295.0,11762.0,11487.0,11696.0,100.0,0.0,0.0,0.0,1024.0,9.0,255.0,255.0,255.0,933.0,20191118T102219_20191118T102220_T32UQE,Baalsee,53.2135494030641,12.64934677564753,"{""type"":""Point"",""coordinates"":[12.64934677564753,53.2135494030641]}"
173,202.0,7083.0,4345.0,3126.0,6984.0,6652.0,6600.0,6735.0,6566.0,6270.0,6840.0,100.0,0.0,0.0,0.0,1024.0,9.0,255.0,255.0,255.0,344.0,20190201T102249_20190201T102243_T33UUV,Baalsee,53.2135494030641,12.64934677564753,"{""type"":""Point"",""coordinates"":[12.64934677564753,53.2135494030641]}"
174,204.0,8043.0,4131.0,3138.0,8060.0,8180.0,8200.0,8411.0,8130.0,8065.0,8624.0,100.0,0.0,0.0,0.0,1024.0,9.0,255.0,255.0,255.0,548.0,20190909T102029_20190909T102024_T33UUV,Baalsee,53.2135494030641,12.64934677564753,"{""type"":""Point"",""coordinates"":[12.64934677564753,53.2135494030641]}"
175,204.0,14968.0,5071.0,4813.0,14200.0,12792.0,12128.0,12355.0,11815.0,11513.0,11784.0,100.0,0.0,0.0,0.0,1024.0,9.0,255.0,255.0,255.0,943.0,20191118T102219_20191118T102220_T33UUV,Baalsee,53.2135494030641,12.64934677564753,"{""type"":""Point"",""coordinates"":[12.64934677564753,53.2135494030641]}"
176,156.0,8560.0,4929.0,3879.0,8024.0,7676.0,7492.0,7727.0,7569.0,7529.0,7524.0,100.0,0.0,0.0,0.0,1024.0,9.0,255.0,255.0,255.0,1022.0,20190924T102021_20190924T102418_T33UUV,Baalsee,53.2135494030641,12.64934677564753,"{""type"":""Point"",""coordinates"":[12.64934677564753,53.2135494030641]}"
177,204.0,3788.0,1931.0,2082.0,3894.0,4300.0,4324.0,4545.0,4623.0,4655.0,5096.0,0.0,14.0,0.0,0.0,1024.0,8.0,255.0,255.0,255.0,246.0,20191103T102211_20191103T102205_T33UUU,Baalsee,53.2135494030641,12.64934677564753,"{""type"":""Point"",""coordinates"":[12.64934677564753,53.2135494030641]}"
178,202.0,7104.0,4323.0,3118.0,6964.0,6532.0,6496.0,6677.0,6524.0,6273.0,6740.0,100.0,0.0,0.0,0.0,1024.0,9.0,255.0,255.0,255.0,327.0,20190201T102249_20190201T102243_T32UQE,Baalsee,53.2135494030641,12.64934677564753,"{""type"":""Point"",""coordinates"":[12.64934677564753,53.2135494030641]}"
179,138.0,8230.0,4864.0,3826.0,7612.0,7464.0,7304.0,7440.0,7342.0,7369.0,7428.0,100.0,0.0,0.0,0.0,1024.0,9.0,255.0,255.0,255.0,772.0,20190924T102021_20190924T102418_T32UQE,Baalsee,53.2135494030641,12.64934677564753,"{""type"":""Point"",""coordinates"":[12.64934677564753,53.2135494030641]}"
180,204.0,4406.0,2884.0,2635.0,3621.0,3432.0,3276.0,3372.0,3311.0,3321.0,3310.0,100.0,0.0,0.0,0.0,1024.0,9.0,255.0,255.0,255.0,1038.0,20191123T102341_20191123T102417_T32UQE,Baalsee,53.2135494030641,12.64934677564753,"{""type"":""Point"",""coordinates"":[12.64934677564753,53.2135494030641]}"
181,204.0,4679.0,2879.0,2623.0,3639.0,3452.0,3308.0,3403.0,3344.0,3363.0,3342.0,100.0,0.0,0.0,0.0,1024.0,9.0,255.0,255.0,255.0,1043.0,20191123T102341_20191123T102417_T33UUV,Baalsee,53.2135494030641,12.64934677564753,"{""type"":""Point"",""coordinates"":[12.64934677564753,53.2135494030641]}"
182,204.0,8114.0,4139.0,3151.0,8048.0,8224.0,8184.0,8425.0,8169.0,8102.0,8664.0,100.0,0.0,0.0,0.0,1024.0,9.0,255.0,255.0,255.0,553.0,20190909T102029_20190909T102024_T32UQE,Baalsee,53.2135494030641,12.64934677564753,"{""type"":""Point"",""coordinates"":[12.64934677564753,53.2135494030641]}"
183,204.0,13075.0,5035.0,4764.0,12880.0,11976.0,11584.0,11826.0,11410.0,11186.0,11496.0,100.0,0.0,0.0,0.0,1024.0,9.0,255.0,255.0,255.0,838.0,20191118T102219_20191118T102220_T33UUU,Baalsee,53.2135494030641,12.64934677564753,"{""type"":""Point"",""coordinates"":[12.64934677564753,53.2135494030641]}"
184,202.0,7819.0,4336.0,3093.0,7460.0,6964.0,6812.0,6851.0,6697.0,6414.0,6976.0,100.0,0.0,0.0,0.0,1024.0,9.0,255.0,255.0,255.0,263.0,20190201T102249_20190201T102243_T33UUU,Baalsee,53.2135494030641,12.64934677564753,"{""type"":""Point"",""coordinates"":[12.64934677564753,53.2135494030641]}"
185,204.0,5892.0,2177.0,2190.0,5328.0,4984.0,4660.0,5066.0,5155.0,5142.0,5116.0,100.0,0.0,0.0,0.0,1024.0,9.0,255.0,255.0,255.0,2077.0,20190731T102029_20190731T102031_T33UUV,Baalsee,53.2135494030641,12.64934677564753,"{""type"":""Point"",""coordinates"":[12.64934677564753,53.2135494030641]}"
186,204.0,5830.0,2171.0,2180.0,5268.0,4944.0,4676.0,5013.0,5110.0,5108.0,5108.0,100.0,0.0,0.0,0.0,1024.0,9.0,255.0,255.0,255.0,1952.0,20190731T102029_20190731T102031_T32UQE,Baalsee,53.2135494030641,12.64934677564753,"{""type"":""Point"",""coordinates"":[12.64934677564753,53.2135494030641]}"
187,204.0,9140.0,6118.0,5054.0,8752.0,8032.0,7748.0,8152.0,7923.0,7782.0,7764.0,100.0,0.0,0.0,0.0,1024.0,9.0,255.0,255.0,255.0,1985.0,20190716T102031_20190716T102028_T33UUU,Baalsee,53.2135494030641,12.64934677564753,"{""type"":""Point"",""coordinates"":[12.64934677564753,53.2135494030641]}"
188,202.0,7567.0,5566.0,5025.0,7560.0,6768.0,6728.0,7069.0,6892.0,6686.0,7108.0,100.0,0.0,0.0,0.0,1024.0,9.0,255.0,255.0,255.0,691.0,20190122T102329_20190122T102330_T32UQE,Baalsee,53.2135494030641,12.64934677564753,"{""type"":""Point"",""coordinates"":[12.64934677564753,53.2135494030641]}"
189,202.0,7413.0,5505.0,4961.0,7328.0,6624.0,6636.0,7031.0,6836.0,6633.0,6952.0,100.0,0.0,0.0,0.0,1024.0,9.0,255.0,255.0,255.0,694.0,20190122T102329_20190122T102330_T33UUV,Baalsee,53.2135494030641,12.64934677564753,"{""type"":""Point"",""coordinates"":[12.64934677564753,53.2135494030641]}"
190,204.0,7788.0,2311.0,2329.0,7740.0,7560.0,7384.0,7243.0,7164.0,7095.0,7452.0,0.0,62.0,0.0,0.0,1024.0,8.0,255.0,255.0,255.0,323.0,20191208T102319_20191208T102419_T33UUU,Baalsee,53.2135494030641,12.64934677564753,"{""type"":""Point"",""coordinates"":[12.64934677564753,53.2135494030641]}"
191,202.0,10600.0,8150.0,7158.0,11120.0,10696.0,10456.0,10832.0,10488.0,10387.0,10584.0,100.0,0.0,0.0,0.0,1024.0,9.0,255.0,255.0,255.0,1216.0,20190502T102029_20190502T102223_T32UQE,Baalsee,53.2135494030641,12.64934677564753,"{""type"":""Point"",""coordinates"":[12.64934677564753,53.2135494030641]}"
192,204.0,1084.0,877.0,804.0,1080.0,1134.0,1178.0,1279.0,1344.0,1415.0,1544.0,17.0,0.0,0.0,0.0,2048.0,10.0,110.0,116.0,120.0,175.0,20191113T102301_20191113T102419_T33UUU,Baalsee,53.2135494030641,12.64934677564753,"{""type"":""Point"",""coordinates"":[12.64934677564753,53.2135494030641]}"
193,204.0,7984.0,2306.0,2350.0,7792.0,7592.0,7428.0,7341.0,7180.0,7136.0,7472.0,0.0,63.0,0.0,0.0,1024.0,8.0,255.0,255.0,255.0,369.0,20191208T102319_20191208T102419_T32UQE,Baalsee,53.2135494030641,12.64934677564753,"{""type"":""Point"",""coordinates"":[12.64934677564753,53.2135494030641]}"
194,202.0,11174.0,8156.0,7200.0,10984.0,10560.0,10344.0,10765.0,10466.0,10411.0,10488.0,100.0,0.0,0.0,0.0,1024.0,9.0,255.0,255.0,255.0,1197.0,20190502T102029_20190502T102223_T33UUV,Baalsee,53.2135494030641,12.64934677564753,"{""type"":""Point"",""coordinates"":[12.64934677564753,53.2135494030641]}"
195,202.0,8578.0,5489.0,4601.0,8016.0,7324.0,7208.0,7428.0,7316.0,7211.0,7684.0,100.0,0.0,0.0,0.0,1024.0,9.0,255.0,255.0,255.0,556.0,20190412T102029_20190412T102028_T33UUU,Baalsee,53.2135494030641,12.64934677564753,"{""type"":""Point"",""coordinates"":[12.64934677564753,53.2135494030641]}"
196,204.0,7976.0,2317.0,2345.0,7812.0,7608.0,7428.0,7326.0,7227.0,7146.0,7472.0,0.0,62.0,0.0,0.0,1024.0,8.0,255.0,255.0,255.0,367.0,20191208T102319_20191208T102419_T33UUV,Baalsee,53.2135494030641,12.64934677564753,"{""type"":""Point"",""coordinates"":[12.64934677564753,53.2135494030641]}"
197,204.0,5866.0,2886.0,2824.0,5600.0,5180.0,4760.0,5198.0,5153.0,5055.0,5488.0,100.0,0.0,0.0,0.0,1024.0,9.0,255.0,255.0,255.0,903.0,20191108T102139_20191108T102508_T33UUU,Baalsee,53.2135494030641,12.64934677564753,"{""type"":""Point"",""coordinates"":[12.64934677564753,53.2135494030641]}"
198,202.0,8157.0,5204.0,3646.0,7988.0,7816.0,7972.0,8368.0,8077.0,8012.0,8036.0,100.0,0.0,0.0,0.0,1024.0,9.0,255.0,255.0,255.0,1258.0,20190328T102021_20190328T102023_T33UUU,Baalsee,53.2135494030641,12.64934677564753,"{""type"":""Point"",""coordinates"":[12.64934677564753,53.2135494030641]}"
199,202.0,8034.0,5039.0,3496.0,7872.0,7704.0,7824.0,8215.0,7961.0,7925.0,7832.0,100.0,0.0,0.0,0.0,1024.0,9.0,255.0,255.0,255.0,1066.0,20190328T102021_20190328T102023_T32UQE,Baalsee,53.2135494030641,12.64934677564753,"{""type"":""Point"",""coordinates"":[12.64934677564753,53.2135494030641]}"
