system:index,AOT,B1,B11,B12,B2,B3,B4,B5,B6,B7,B8,B8A,B9,MSK_CLDPRB,MSK_SNWPRB,QA10,QA20,QA60,SCL,TCI_B,TCI_G,TCI_R,WVP,id,lake,lat,lon,.geo
0,66.0,1091.0,1004.0,1012.0,1080.0,1182.0,1089.0,1071.0,1036.0,1020.0,1036.0,1022.0,977.0,0.0,0.0,0.0,0.0,0.0,6.0,9.0,20.0,10.0,496.0,20220309T100841_20220309T101114_T33UUT,mellensee,52.17062861611675,13.410681878964734,"{""type"":""Point"",""coordinates"":[13.410681878964736,52.17062861611676]}"
1,66.0,1089.0,1001.0,1012.0,1078.0,1184.0,1087.0,1070.0,1035.0,1019.0,1036.0,1018.0,982.0,0.0,0.0,0.0,0.0,0.0,6.0,8.0,19.0,9.0,494.0,20220309T100841_20220309T101114_T32UQC,mellensee,52.17062861611675,13.410681878964734,"{""type"":""Point"",""coordinates"":[13.410681878964736,52.17062861611676]}"
2,102.0,1113.0,1036.0,1018.0,1078.0,1212.0,1155.0,1188.0,1101.0,1052.0,1073.0,1084.0,948.0,0.0,0.0,0.0,0.0,0.0,6.0,9.0,22.0,15.0,950.0,20221114T101301_20221114T101258_T33UUT,mellensee,52.17062861611675,13.410681878964734,"{""type"":""Point"",""coordinates"":[13.410681878964736,52.17062861611676]}"
3,102.0,1111.0,1036.0,1017.0,1118.0,1198.0,1144.0,1183.0,1103.0,1052.0,1071.0,1084.0,954.0,0.0,0.0,0.0,0.0,0.0,6.0,12.0,21.0,15.0,954.0,20221114T101301_20221114T101258_T32UQC,mellensee,52.17062861611675,13.410681878964734,"{""type"":""Point"",""coordinates"":[13.410681878964736,52.17062861611676]}"
4,150.0,1041.0,1168.0,1143.0,1182.0,1262.0,1174.0,1200.0,1135.0,1173.0,1159.0,1165.0,1054.0,0.0,0.0,0.0,0.0,0.0,6.0,19.0,26.0,17.0,1899.0,20221030T101039_20221030T101041_T32UQC,mellensee,52.17062861611675,13.410681878964734,"{""type"":""Point"",""coordinates"":[13.410681878964736,52.17062861611676]}"
5,150.0,1038.0,1168.0,1135.0,1176.0,1253.0,1192.0,1190.0,1133.0,1170.0,1163.0,1166.0,1056.0,0.0,0.0,0.0,0.0,0.0,6.0,19.0,26.0,19.0,1903.0,20221030T101039_20221030T101041_T33UUT,mellensee,52.17062861611675,13.410681878964734,"{""type"":""Point"",""coordinates"":[13.410681878964736,52.17062861611676]}"
6,90.0,1149.0,1022.0,1020.0,1227.0,1277.0,1173.0,1254.0,1089.0,1098.0,1081.0,1051.0,996.0,0.0,0.0,0.0,0.0,0.0,6.0,26.0,29.0,19.0,1281.0,20220930T100729_20220930T101327_T33UUT,mellensee,52.17062861611675,13.410681878964734,"{""type"":""Point"",""coordinates"":[13.410681878964736,52.17062861611676]}"
7,90.0,1148.0,1022.0,1023.0,1238.0,1283.0,1176.0,1253.0,1086.0,1100.0,1073.0,1050.0,995.0,0.0,0.0,0.0,0.0,0.0,6.0,25.0,29.0,18.0,1281.0,20220930T100729_20220930T101327_T32UQC,mellensee,52.17062861611675,13.410681878964734,"{""type"":""Point"",""coordinates"":[13.410681878964736,52.17062861611676]}"
8,114.0,1151.0,1041.0,1039.0,1215.0,1268.0,1125.0,1116.0,1065.0,1068.0,1050.0,1037.0,1048.0,0.0,0.0,0.0,0.0,0.0,6.0,22.0,28.0,13.0,480.0,20220324T100649_20220324T100645_T32UQC,mellensee,52.17062861611675,13.410681878964734,"{""type"":""Point"",""coordinates"":[13.410681878964736,52.17062861611676]}"
9,60.0,1054.0,1022.0,1031.0,1124.0,1202.0,1120.0,1108.0,1049.0,1047.0,1059.0,1048.0,997.0,0.0,0.0,0.0,0.0,0.0,6.0,13.0,21.0,13.0,168.0,20220312T101831_20220312T102427_T32UQC,mellensee,52.17062861611675,13.410681878964734,"{""type"":""Point"",""coordinates"":[13.410681878964736,52.17062861611676]}"
10,108.0,1163.0,1042.0,1039.0,1236.0,1264.0,1140.0,1124.0,1072.0,1075.0,1057.0,1042.0,1054.0,0.0,0.0,0.0,0.0,0.0,6.0,23.0,27.0,16.0,470.0,20220324T100649_20220324T100645_T33UUT,mellensee,52.17062861611675,13.410681878964734,"{""type"":""Point"",""coordinates"":[13.410681878964736,52.17062861611676]}"
11,60.0,1065.0,1021.0,1031.0,1128.0,1229.0,1121.0,1107.0,1051.0,1047.0,1053.0,1047.0,999.0,0.0,0.0,0.0,0.0,0.0,6.0,14.0,23.0,13.0,176.0,20220312T101831_20220312T102427_T33UUT,mellensee,52.17062861611675,13.410681878964734,"{""type"":""Point"",""coordinates"":[13.410681878964736,52.17062861611676]}"
12,66.0,1095.0,1024.0,1016.0,1155.0,1252.0,1133.0,1118.0,1053.0,1054.0,1054.0,1039.0,1004.0,0.0,0.0,0.0,0.0,0.0,6.0,15.0,26.0,14.0,220.0,20220322T101711_20220322T102531_T32UQC,mellensee,52.17062861611675,13.410681878964734,"{""type"":""Point"",""coordinates"":[13.410681878964736,52.17062861611676]}"
13,72.0,1312.0,1081.0,1086.0,1328.0,1325.0,1232.0,1203.0,1170.0,1160.0,1144.0,1124.0,1118.0,0.0,0.0,0.0,0.0,0.0,6.0,34.0,34.0,24.0,771.0,20220423T100549_20220423T100842_T32UQC,mellensee,52.17062861611675,13.410681878964734,"{""type"":""Point"",""coordinates"":[13.410681878964736,52.17062861611676]}"
14,72.0,1009.0,1057.0,1048.0,1164.0,1195.0,1131.0,1187.0,1096.0,1114.0,1104.0,1119.0,1021.0,0.0,0.0,0.0,0.0,0.0,6.0,13.0,20.0,14.0,1249.0,20221102T102059_20221102T102101_T33UUT,mellensee,52.17062861611675,13.410681878964734,"{""type"":""Point"",""coordinates"":[13.410681878964736,52.17062861611676]}"
15,66.0,1108.0,1023.0,1017.0,1148.0,1259.0,1142.0,1120.0,1051.0,1054.0,1063.0,1040.0,1003.0,0.0,0.0,0.0,0.0,0.0,6.0,17.0,28.0,16.0,220.0,20220322T101711_20220322T102531_T33UUT,mellensee,52.17062861611675,13.410681878964734,"{""type"":""Point"",""coordinates"":[13.410681878964736,52.17062861611676]}"
16,72.0,1312.0,1073.0,1088.0,1337.0,1330.0,1228.0,1201.0,1170.0,1158.0,1151.0,1126.0,1117.0,0.0,0.0,0.0,0.0,0.0,6.0,35.0,33.0,23.0,784.0,20220423T100549_20220423T100842_T33UUT,mellensee,52.17062861611675,13.410681878964734,"{""type"":""Point"",""coordinates"":[13.410681878964736,52.17062861611676]}"
17,66.0,1042.0,1011.0,1013.0,1151.0,1211.0,1094.0,1096.0,1044.0,1051.0,1053.0,1038.0,994.0,0.0,0.0,0.0,0.0,0.0,6.0,16.0,22.0,11.0,619.0,20220307T101759_20220307T102247_T33UUT,mellensee,52.17062861611675,13.410681878964734,"{""type"":""Point"",""coordinates"":[13.410681878964736,52.17062861611676]}"
18,180.0,1288.0,1050.0,1039.0,1263.0,1430.0,1247.0,1317.0,1121.0,1108.0,1081.0,1073.0,940.0,0.0,0.0,0.0,0.0,0.0,6.0,27.0,44.0,26.0,2598.0,20220816T100611_20220816T100922_T32UQC,mellensee,52.17062861611675,13.410681878964734,"{""type"":""Point"",""coordinates"":[13.410681878964736,52.17062861611676]}"
19,72.0,1005.0,1061.0,1053.0,1118.0,1184.0,1139.0,1184.0,1108.0,1120.0,1103.0,1120.0,1022.0,0.0,0.0,0.0,0.0,0.0,6.0,12.0,18.0,14.0,1239.0,20221102T102059_20221102T102101_T32UQC,mellensee,52.17062861611675,13.410681878964734,"{""type"":""Point"",""coordinates"":[13.410681878964736,52.17062861611676]}"
20,66.0,1148.0,1025.0,1023.0,1233.0,1296.0,1141.0,1129.0,1066.0,1080.0,1067.0,1065.0,1036.0,0.0,0.0,0.0,0.0,0.0,6.0,24.0,31.0,15.0,1047.0,20220327T101629_20220327T102055_T32UQC,mellensee,52.17062861611675,13.410681878964734,"{""type"":""Point"",""coordinates"":[13.410681878964736,52.17062861611676]}"
21,66.0,1035.0,1012.0,1016.0,1129.0,1200.0,1100.0,1097.0,1046.0,1051.0,1044.0,1041.0,994.0,0.0,0.0,0.0,0.0,0.0,6.0,14.0,21.0,11.0,621.0,20220307T101759_20220307T102247_T32UQC,mellensee,52.17062861611675,13.410681878964734,"{""type"":""Point"",""coordinates"":[13.410681878964736,52.17062861611676]}"
22,186.0,1288.0,1048.0,1037.0,1258.0,1431.0,1238.0,1312.0,1112.0,1098.0,1067.0,1063.0,947.0,0.0,0.0,0.0,0.0,0.0,6.0,27.0,44.0,25.0,2605.0,20220816T100611_20220816T100922_T33UUT,mellensee,52.17062861611675,13.410681878964734,"{""type"":""Point"",""coordinates"":[13.410681878964736,52.17062861611676]}"
23,95.0,1197.0,1068.0,1059.0,1244.0,1327.0,1187.0,1238.0,1072.0,1088.0,1060.0,1047.0,1025.0,0.0,0.0,0.0,0.0,0.0,6.0,25.0,34.0,20.0,1703.0,20220712T100559_20220712T101515_T33UUT,mellensee,52.17062861611675,13.410681878964734,"{""type"":""Point"",""coordinates"":[13.410681878964736,52.17062861611676]}"
24,66.0,1160.0,1026.0,1023.0,1233.0,1294.0,1160.0,1127.0,1061.0,1082.0,1068.0,1066.0,1027.0,0.0,0.0,0.0,0.0,0.0,6.0,24.0,30.0,16.0,1017.0,20220327T101629_20220327T102055_T33UUT,mellensee,52.17062861611675,13.410681878964734,"{""type"":""Point"",""coordinates"":[13.410681878964736,52.17062861611676]}"
25,96.0,1192.0,1067.0,1059.0,1254.0,1330.0,1193.0,1238.0,1073.0,1088.0,1060.0,1047.0,1020.0,0.0,0.0,0.0,0.0,0.0,6.0,26.0,34.0,20.0,1713.0,20220712T100559_20220712T101515_T32UQC,mellensee,52.17062861611675,13.410681878964734,"{""type"":""Point"",""coordinates"":[13.410681878964736,52.17062861611676]}"
26,72.0,112.0,9.0,1.0,225.0,159.0,65.0,103.0,33.0,19.0,33.0,3.0,3.0,0.0,0.0,0.0,0.0,0.0,6.0,21.0,16.0,7.0,562.0,20220106T102319_20220106T102345_T33UUT,mellensee,52.17062861611675,13.410681878964734,"{""type"":""Point"",""coordinates"":[13.410681878964736,52.17062861611676]}"
27,66.0,1065.0,1058.0,1051.0,1180.0,1172.0,1093.0,1089.0,1049.0,1034.0,1055.0,1023.0,1012.0,0.0,0.0,0.0,0.0,0.0,10.0,19.0,18.0,10.0,386.0,20220212T101029_20220212T101029_T32UQC,mellensee,52.17062861611675,13.410681878964734,"{""type"":""Point"",""coordinates"":[13.410681878964736,52.17062861611676]}"
28,66.0,1071.0,1059.0,1054.0,1173.0,1182.0,1086.0,1096.0,1061.0,1045.0,1065.0,1029.0,1019.0,0.0,0.0,0.0,0.0,0.0,6.0,19.0,19.0,8.0,387.0,20220212T101029_20220212T101029_T33UUT,mellensee,52.17062861611675,13.410681878964734,"{""type"":""Point"",""coordinates"":[13.410681878964736,52.17062861611676]}"
29,204.0,1204.0,1096.0,1083.0,1305.0,1384.0,1271.0,1335.0,1132.0,1125.0,1140.0,1069.0,1052.0,0.0,0.0,0.0,0.0,0.0,10.0,31.0,39.0,27.0,1738.0,20220809T102041_20220809T102107_T32UQC,mellensee,52.17062861611675,13.410681878964734,"{""type"":""Point"",""coordinates"":[13.410681878964736,52.17062861611676]}"
30,198.0,1219.0,1095.0,1077.0,1300.0,1393.0,1280.0,1336.0,1146.0,1134.0,1149.0,1077.0,1053.0,0.0,0.0,0.0,0.0,0.0,10.0,31.0,40.0,28.0,1738.0,20220809T102041_20220809T102107_T33UUT,mellensee,52.17062861611675,13.410681878964734,"{""type"":""Point"",""coordinates"":[13.410681878964736,52.17062861611676]}"
31,198.0,1229.0,1105.0,1108.0,1213.0,1270.0,1206.0,1218.0,1112.0,1102.0,1100.0,1085.0,1129.0,0.0,0.0,0.0,0.0,0.0,6.0,22.0,28.0,21.0,1931.0,20220518T100601_20220518T100944_T32UQC,mellensee,52.17062861611675,13.410681878964734,"{""type"":""Point"",""coordinates"":[13.410681878964736,52.17062861611676]}"
32,240.0,1369.0,1115.0,1080.0,1408.0,1420.0,1267.0,1270.0,1250.0,1256.0,1247.0,1217.0,1262.0,0.0,0.0,0.0,0.0,0.0,6.0,42.0,43.0,28.0,1352.0,20220503T100549_20220503T100549_T32UQC,mellensee,52.17062861611675,13.410681878964734,"{""type"":""Point"",""coordinates"":[13.410681878964736,52.17062861611676]}"
33,198.0,1233.0,1106.0,1105.0,1236.0,1286.0,1205.0,1213.0,1110.0,1101.0,1098.0,1084.0,1109.0,0.0,0.0,0.0,0.0,0.0,6.0,24.0,30.0,22.0,1864.0,20220518T100601_20220518T100944_T33UUT,mellensee,52.17062861611675,13.410681878964734,"{""type"":""Point"",""coordinates"":[13.410681878964736,52.17062861611676]}"
34,78.0,1085.0,1014.0,1036.0,1104.0,1175.0,1101.0,1105.0,1059.0,1080.0,1040.0,1060.0,928.0,0.0,0.0,0.0,0.0,0.0,6.0,14.0,16.0,11.0,1092.0,20221127T102351_20221127T102351_T33UUT,mellensee,52.17062861611675,13.410681878964734,"{""type"":""Point"",""coordinates"":[13.410681878964736,52.17062861611676]}"
35,78.0,86.0,8.0,1.0,219.0,132.0,54.0,101.0,30.0,11.0,23.0,,19.0,0.0,0.0,0.0,0.0,0.0,6.0,24.0,14.0,6.0,596.0,20220106T102319_20220106T102345_T32UQC,mellensee,52.17062861611675,13.410681878964734,"{""type"":""Point"",""coordinates"":[13.410681878964736,52.17062861611676]}"
36,156.0,1259.0,1086.0,1072.0,1261.0,1350.0,1215.0,1279.0,1168.0,1166.0,1196.0,1147.0,1174.0,0.0,0.0,0.0,0.0,0.0,6.0,26.0,37.0,23.0,2048.0,20220905T100611_20220905T100932_T33UUT,mellensee,52.17062861611675,13.410681878964734,"{""type"":""Point"",""coordinates"":[13.410681878964736,52.17062861611676]}"
37,186.0,1409.0,1218.0,1220.0,1502.0,1659.0,1450.0,1550.0,1363.0,1397.0,1272.0,1340.0,1288.0,0.0,0.0,0.0,0.0,0.0,6.0,53.0,67.0,46.0,2492.0,20220725T101559_20220725T102250_T32UQC,mellensee,52.17062861611675,13.410681878964734,"{""type"":""Point"",""coordinates"":[13.410681878964736,52.17062861611676]}"
38,120.0,1300.0,1091.0,1073.0,1284.0,1371.0,1236.0,1304.0,1206.0,1204.0,1223.0,1181.0,1222.0,0.0,0.0,0.0,0.0,0.0,6.0,29.0,38.0,24.0,2079.0,20220905T100611_20220905T100932_T32UQC,mellensee,52.17062861611675,13.410681878964734,"{""type"":""Point"",""coordinates"":[13.410681878964736,52.17062861611676]}"
39,84.0,1060.0,1014.0,1038.0,1150.0,1113.0,1076.0,1105.0,1063.0,1069.0,1053.0,1064.0,946.0,0.0,0.0,0.0,0.0,0.0,6.0,16.0,12.0,8.0,1083.0,20221127T102351_20221127T102351_T32UQC,mellensee,52.17062861611675,13.410681878964734,"{""type"":""Point"",""coordinates"":[13.410681878964736,52.17062861611676]}"
40,168.0,1423.0,1217.0,1210.0,1514.0,1684.0,1437.0,1562.0,1379.0,1404.0,1309.0,1351.0,1286.0,0.0,0.0,0.0,0.0,0.0,6.0,54.0,70.0,47.0,2482.0,20220725T101559_20220725T102250_T33UUT,mellensee,52.17062861611675,13.410681878964734,"{""type"":""Point"",""coordinates"":[13.410681878964736,52.17062861611676]}"
41,66.0,1110.0,1042.0,1053.0,1186.0,1255.0,1152.0,1135.0,1075.0,1082.0,1075.0,1072.0,1044.0,0.0,0.0,0.0,0.0,0.0,6.0,19.0,27.0,16.0,530.0,20220416T101559_20220416T102458_T33UUT,mellensee,52.17062861611675,13.410681878964734,"{""type"":""Point"",""coordinates"":[13.410681878964736,52.17062861611676]}"
42,120.0,1156.0,1063.0,1075.0,1210.0,1236.0,1138.0,1138.0,1067.0,1083.0,1063.0,1068.0,1100.0,0.0,0.0,0.0,0.0,0.0,6.0,22.0,24.0,15.0,1369.0,20220615T101559_20220615T102248_T32UQC,mellensee,52.17062861611675,13.410681878964734,"{""type"":""Point"",""coordinates"":[13.410681878964736,52.17062861611676]}"
43,240.0,1375.0,1124.0,1084.0,1395.0,1410.0,1270.0,1287.0,1295.0,1309.0,1286.0,1261.0,1300.0,0.0,0.0,0.0,0.0,0.0,6.0,40.0,42.0,28.0,1336.0,20220503T100549_20220503T100549_T33UUT,mellensee,52.17062861611675,13.410681878964734,"{""type"":""Point"",""coordinates"":[13.410681878964736,52.17062861611676]}"
44,102.0,1404.0,1046.0,1051.0,1410.0,1393.0,1242.0,1330.0,1180.0,1178.0,1153.0,1123.0,1011.0,0.0,0.0,0.0,0.0,0.0,6.0,42.0,40.0,25.0,2329.0,20220824T101559_20220824T102158_T32UQC,mellensee,52.17062861611675,13.410681878964734,"{""type"":""Point"",""coordinates"":[13.410681878964736,52.17062861611676]}"
45,114.0,1178.0,1071.0,1077.0,1224.0,1256.0,1156.0,1163.0,1107.0,1122.0,1094.0,1103.0,1127.0,0.0,0.0,0.0,0.0,0.0,6.0,24.0,26.0,16.0,1371.0,20220615T101559_20220615T102248_T33UUT,mellensee,52.17062861611675,13.410681878964734,"{""type"":""Point"",""coordinates"":[13.410681878964736,52.17062861611676]}"
46,66.0,1098.0,1043.0,1053.0,1185.0,1256.0,1140.0,1138.0,1071.0,1081.0,1076.0,1073.0,1051.0,0.0,0.0,0.0,0.0,0.0,6.0,19.0,26.0,14.0,535.0,20220416T101559_20220416T102458_T32UQC,mellensee,52.17062861611675,13.410681878964734,"{""type"":""Point"",""coordinates"":[13.410681878964736,52.17062861611676]}"
47,114.0,1399.0,1043.0,1042.0,1372.0,1376.0,1243.0,1324.0,1169.0,1167.0,1137.0,1114.0,1020.0,0.0,0.0,0.0,0.0,0.0,6.0,38.0,40.0,25.0,2469.0,20220824T101559_20220824T102158_T33UUT,mellensee,52.17062861611675,13.410681878964734,"{""type"":""Point"",""coordinates"":[13.410681878964736,52.17062861611676]}"
48,246.0,1366.0,1104.0,1066.0,1461.0,1792.0,1417.0,1559.0,1239.0,1217.0,1184.0,1153.0,1120.0,0.0,0.0,0.0,0.0,0.0,6.0,47.0,82.0,44.0,1892.0,20220720T101611_20220720T101819_T33UUT,mellensee,52.17062861611675,13.410681878964734,"{""type"":""Point"",""coordinates"":[13.410681878964736,52.17062861611676]}"
49,78.0,1281.0,1076.0,1086.0,1301.0,1375.0,1260.0,1308.0,1172.0,1167.0,1153.0,1122.0,1094.0,0.0,0.0,0.0,0.0,0.0,6.0,31.0,39.0,27.0,1262.0,20220903T101559_20220903T101826_T32UQC,mellensee,52.17062861611675,13.410681878964734,"{""type"":""Point"",""coordinates"":[13.410681878964736,52.17062861611676]}"
50,150.0,1414.0,1478.0,1494.0,1576.0,1584.0,1498.0,1525.0,1480.0,1498.0,1499.0,1506.0,1865.0,0.0,0.0,0.0,0.0,0.0,10.0,58.0,60.0,52.0,1404.0,20220516T101559_20220516T102309_T33UUT,mellensee,52.17062861611675,13.410681878964734,"{""type"":""Point"",""coordinates"":[13.410681878964736,52.17062861611676]}"
51,84.0,1134.0,1032.0,1031.0,1203.0,1236.0,1136.0,1131.0,1083.0,1089.0,1074.0,1066.0,1069.0,0.0,0.0,0.0,0.0,0.0,6.0,21.0,24.0,14.0,963.0,20220426T101549_20220426T101916_T33UUT,mellensee,52.17062861611675,13.410681878964734,"{""type"":""Point"",""coordinates"":[13.410681878964736,52.17062861611676]}"
52,168.0,1367.0,1218.0,1194.0,1388.0,1436.0,1349.0,1339.0,1298.0,1295.0,1267.0,1273.0,1216.0,0.0,0.0,0.0,0.0,0.0,6.0,41.0,45.0,36.0,1969.0,20220511T101601_20220511T102310_T32UQC,mellensee,52.17062861611675,13.410681878964734,"{""type"":""Point"",""coordinates"":[13.410681878964736,52.17062861611676]}"
53,84.0,1282.0,1074.0,1090.0,1328.0,1386.0,1261.0,1303.0,1162.0,1156.0,1146.0,1116.0,1087.0,0.0,0.0,0.0,0.0,0.0,6.0,34.0,41.0,27.0,1266.0,20220903T101559_20220903T101826_T33UUT,mellensee,52.17062861611675,13.410681878964734,"{""type"":""Point"",""coordinates"":[13.410681878964736,52.17062861611676]}"
54,150.0,1400.0,1226.0,1196.0,1375.0,1446.0,1352.0,1351.0,1324.0,1321.0,1279.0,1293.0,1240.0,0.0,0.0,0.0,0.0,0.0,6.0,39.0,45.0,36.0,1994.0,20220511T101601_20220511T102310_T33UUT,mellensee,52.17062861611675,13.410681878964734,"{""type"":""Point"",""coordinates"":[13.410681878964736,52.17062861611676]}"
55,246.0,1358.0,1105.0,1066.0,1454.0,1786.0,1426.0,1554.0,1242.0,1215.0,1186.0,1148.0,1121.0,0.0,0.0,0.0,0.0,0.0,6.0,46.0,80.0,44.0,1889.0,20220720T101611_20220720T101819_T32UQC,mellensee,52.17062861611675,13.410681878964734,"{""type"":""Point"",""coordinates"":[13.410681878964736,52.17062861611676]}"
56,90.0,5235.0,2583.0,2584.0,4820.0,4500.0,4240.0,4721.0,4923.0,4937.0,4888.0,4909.0,14236.0,100.0,0.0,0.0,0.0,0.0,9.0,255.0,255.0,255.0,1878.0,20221010T100839_20221010T101145_T32UQC,mellensee,52.17062861611675,13.410681878964734,"{""type"":""Point"",""coordinates"":[13.410681878964736,52.17062861611676]}"
57,156.0,7245.0,7283.0,6248.0,8544.0,7820.0,7380.0,7391.0,7495.0,7579.0,9008.0,7483.0,13931.0,100.0,0.0,0.0,0.0,0.0,9.0,255.0,255.0,255.0,1789.0,20220811T100559_20220811T101510_T32UQC,mellensee,52.17062861611675,13.410681878964734,"{""type"":""Point"",""coordinates"":[13.410681878964736,52.17062861611676]}"
58,72.0,1176.0,1039.0,1043.0,1136.0,1232.0,1122.0,1116.0,1081.0,1077.0,1077.0,1073.0,1042.0,0.0,0.0,0.0,0.0,0.0,6.0,14.0,24.0,13.0,869.0,20220418T100601_20220418T101300_T32UQC,mellensee,52.17062861611675,13.410681878964734,"{""type"":""Point"",""coordinates"":[13.410681878964736,52.17062861611676]}"
59,150.0,1403.0,1478.0,1497.0,1553.0,1563.0,1494.0,1527.0,1478.0,1491.0,1479.0,1507.0,1875.0,0.0,0.0,0.0,0.0,0.0,10.0,58.0,58.0,51.0,1433.0,20220516T101559_20220516T102309_T32UQC,mellensee,52.17062861611675,13.410681878964734,"{""type"":""Point"",""coordinates"":[13.410681878964736,52.17062861611676]}"
60,72.0,1181.0,1039.0,1041.0,1136.0,1238.0,1117.0,1118.0,1081.0,1076.0,1076.0,1072.0,1038.0,0.0,0.0,0.0,0.0,0.0,6.0,15.0,25.0,13.0,880.0,20220418T100601_20220418T101300_T33UUT,mellensee,52.17062861611675,13.410681878964734,"{""type"":""Point"",""coordinates"":[13.410681878964736,52.17062861611676]}"
61,162.0,8327.0,7505.0,6344.0,8208.0,7564.0,6948.0,7646.0,7744.0,7721.0,8776.0,7559.0,15767.0,100.0,0.0,0.0,0.0,0.0,9.0,255.0,255.0,255.0,1801.0,20220811T100559_20220811T101510_T33UUT,mellensee,52.17062861611675,13.410681878964734,"{""type"":""Point"",""coordinates"":[13.410681878964736,52.17062861611676]}"
62,96.0,1107.0,1026.0,1030.0,1173.0,1218.0,1126.0,1119.0,1073.0,1077.0,1061.0,1053.0,1053.0,0.0,0.0,0.0,0.0,0.0,6.0,18.0,23.0,13.0,983.0,20220426T101549_20220426T101916_T32UQC,mellensee,52.17062861611675,13.410681878964734,"{""type"":""Point"",""coordinates"":[13.410681878964736,52.17062861611676]}"
63,126.0,1220.0,1158.0,1151.0,1176.0,1262.0,1187.0,1215.0,1162.0,1186.0,1200.0,1180.0,1277.0,0.0,0.0,0.0,0.0,0.0,6.0,18.0,27.0,19.0,1367.0,20220617T100611_20220617T101601_T32UQC,mellensee,52.17062861611675,13.410681878964734,"{""type"":""Point"",""coordinates"":[13.410681878964736,52.17062861611676]}"
64,126.0,1224.0,1159.0,1153.0,1179.0,1256.0,1181.0,1210.0,1166.0,1184.0,1197.0,1183.0,1282.0,0.0,0.0,0.0,0.0,0.0,6.0,20.0,28.0,19.0,1373.0,20220617T100611_20220617T101601_T33UUT,mellensee,52.17062861611675,13.410681878964734,"{""type"":""Point"",""coordinates"":[13.410681878964736,52.17062861611676]}"
65,96.0,4334.0,4501.0,4373.0,4348.0,4256.0,4232.0,4243.0,4107.0,4103.0,4276.0,4095.0,3604.0,0.0,0.0,0.0,0.0,0.0,6.0,255.0,255.0,255.0,507.0,20220227T100951_20220227T101418_T32UQC,mellensee,52.17062861611675,13.410681878964734,"{""type"":""Point"",""coordinates"":[13.410681878964736,52.17062861611676]}"
66,192.0,1253.0,1021.0,1046.0,1249.0,1218.0,1148.0,1142.0,969.0,954.0,938.0,918.0,966.0,0.0,0.0,0.0,0.0,0.0,6.0,26.0,23.0,16.0,1481.0,20220702T100559_20220702T101516_T32UQC,mellensee,52.17062861611675,13.410681878964734,"{""type"":""Point"",""coordinates"":[13.410681878964736,52.17062861611676]}"
67,72.0,2077.0,2559.0,2189.0,1816.0,1964.0,2008.0,2341.0,2356.0,2372.0,2015.0,2432.0,2286.0,0.0,0.0,0.0,0.0,0.0,10.0,83.0,98.0,103.0,632.0,20220319T100731_20220319T101418_T32UQC,mellensee,52.17062861611675,13.410681878964734,"{""type"":""Point"",""coordinates"":[13.410681878964736,52.17062861611676]}"
68,192.0,1256.0,1022.0,1046.0,1248.0,1225.0,1145.0,1143.0,970.0,957.0,941.0,921.0,970.0,0.0,0.0,0.0,0.0,0.0,6.0,26.0,23.0,15.0,1480.0,20220702T100559_20220702T101516_T33UUT,mellensee,52.17062861611675,13.410681878964734,"{""type"":""Point"",""coordinates"":[13.410681878964736,52.17062861611676]}"
69,174.0,13061.0,8411.0,7564.0,11384.0,10944.0,10552.0,11456.0,10912.0,10759.0,10128.0,10493.0,16816.0,100.0,0.0,0.0,0.0,0.0,9.0,255.0,255.0,255.0,983.0,20220428T100601_20220428T101302_T32UQC,mellensee,52.17062861611675,13.410681878964734,"{""type"":""Point"",""coordinates"":[13.410681878964736,52.17062861611676]}"
70,96.0,4300.0,4514.0,4383.0,4360.0,4164.0,4192.0,4255.0,4134.0,4119.0,4248.0,4115.0,3582.0,100.0,0.0,0.0,0.0,0.0,9.0,255.0,255.0,255.0,515.0,20220227T100951_20220227T101418_T33UUT,mellensee,52.17062861611675,13.410681878964734,"{""type"":""Point"",""coordinates"":[13.410681878964736,52.17062861611676]}"
71,144.0,1206.0,1125.0,1107.0,1183.0,1238.0,1192.0,1174.0,1087.0,1079.0,1069.0,1076.0,1115.0,0.0,0.0,0.0,0.0,0.0,6.0,21.0,25.0,20.0,1460.0,20220610T101611_20220610T101606_T33UUT,mellensee,52.17062861611675,13.410681878964734,"{""type"":""Point"",""coordinates"":[13.410681878964736,52.17062861611676]}"
72,156.0,1190.0,1120.0,1110.0,1183.0,1226.0,1192.0,1164.0,1073.0,1065.0,1046.0,1065.0,1109.0,0.0,0.0,0.0,0.0,0.0,6.0,19.0,23.0,20.0,1480.0,20220610T101611_20220610T101606_T32UQC,mellensee,52.17062861611675,13.410681878964734,"{""type"":""Point"",""coordinates"":[13.410681878964736,52.17062861611676]}"
73,96.0,5202.0,2576.0,2577.0,4816.0,4500.0,4296.0,4712.0,4918.0,4923.0,4896.0,4901.0,14147.0,100.0,0.0,0.0,0.0,0.0,9.0,255.0,255.0,255.0,1885.0,20221010T100839_20221010T101145_T33UUT,mellensee,52.17062861611675,13.410681878964734,"{""type"":""Point"",""coordinates"":[13.410681878964736,52.17062861611676]}"
74,72.0,2124.0,2528.0,2197.0,2080.0,2290.0,2396.0,2288.0,2289.0,2441.0,2454.0,2514.0,2382.0,0.0,0.0,0.0,0.0,0.0,6.0,110.0,133.0,143.0,634.0,20220319T100731_20220319T101418_T33UUT,mellensee,52.17062861611675,13.410681878964734,"{""type"":""Point"",""coordinates"":[13.410681878964736,52.17062861611676]}"
75,114.0,3005.0,2452.0,2539.0,3070.0,2920.0,2810.0,2924.0,2869.0,2875.0,2902.0,2852.0,3712.0,37.0,0.0,0.0,0.0,0.0,8.0,211.0,195.0,183.0,611.0,20221119T101229_20221119T101223_T33UUT,mellensee,52.17062861611675,13.410681878964734,"{""type"":""Point"",""coordinates"":[13.410681878964736,52.17062861611676]}"
76,102.0,1934.0,2073.0,1699.0,1741.0,1850.0,2040.0,2006.0,1927.0,1775.0,1728.0,1750.0,1919.0,0.0,0.0,0.0,0.0,0.0,6.0,76.0,87.0,106.0,912.0,20221227T102431_20221227T102433_T32UQC,mellensee,52.17062861611675,13.410681878964734,"{""type"":""Point"",""coordinates"":[13.410681878964736,52.17062861611676]}"
77,168.0,12675.0,8177.0,7386.0,11648.0,11120.0,10928.0,11080.0,10585.0,10511.0,10432.0,10228.0,16542.0,100.0,0.0,0.0,0.0,0.0,9.0,255.0,255.0,255.0,970.0,20220428T100601_20220428T101302_T33UUT,mellensee,52.17062861611675,13.410681878964734,"{""type"":""Point"",""coordinates"":[13.410681878964736,52.17062861611676]}"
78,102.0,1882.0,2048.0,1696.0,1950.0,2068.0,2048.0,1989.0,1947.0,1786.0,2010.0,1718.0,1808.0,0.0,0.0,0.0,0.0,0.0,6.0,95.0,109.0,108.0,911.0,20221227T102431_20221227T102433_T33UUT,mellensee,52.17062861611675,13.410681878964734,"{""type"":""Point"",""coordinates"":[13.410681878964736,52.17062861611676]}"
79,96.0,1967.0,2608.0,2263.0,2272.0,2368.0,2294.0,2389.0,2407.0,2395.0,2764.0,2338.0,2378.0,0.0,0.0,0.0,0.0,0.0,10.0,130.0,139.0,132.0,1101.0,20220210T102151_20220210T102159_T32UQC,mellensee,52.17062861611675,13.410681878964734,"{""type"":""Point"",""coordinates"":[13.410681878964736,52.17062861611676]}"
80,126.0,1569.0,1135.0,1129.0,1359.0,1361.0,1251.0,1218.0,1154.0,1175.0,1141.0,1133.0,1892.0,0.0,0.0,0.0,0.0,0.0,6.0,37.0,37.0,26.0,1382.0,20220506T101559_20220506T102302_T32UQC,mellensee,52.17062861611675,13.410681878964734,"{""type"":""Point"",""coordinates"":[13.410681878964736,52.17062861611676]}"
81,108.0,2999.0,2428.0,2507.0,3134.0,2936.0,2842.0,2893.0,2854.0,2847.0,3010.0,2834.0,3691.0,35.0,0.0,0.0,0.0,0.0,8.0,217.0,197.0,188.0,608.0,20221119T101229_20221119T101223_T32UQC,mellensee,52.17062861611675,13.410681878964734,"{""type"":""Point"",""coordinates"":[13.410681878964736,52.17062861611676]}"
82,96.0,2059.0,2662.0,2219.0,2128.0,2296.0,2184.0,2418.0,2462.0,2397.0,2682.0,2285.0,2599.0,0.0,0.0,0.0,0.0,0.0,10.0,115.0,132.0,121.0,1116.0,20220210T102151_20220210T102159_T33UUT,mellensee,52.17062861611675,13.410681878964734,"{""type"":""Point"",""coordinates"":[13.410681878964736,52.17062861611676]}"
83,126.0,1014.0,1165.0,1131.0,1130.0,1238.0,1196.0,1274.0,1185.0,1199.0,1166.0,1200.0,1118.0,0.0,0.0,0.0,0.0,0.0,6.0,14.0,25.0,20.0,1942.0,20221028T102131_20221028T102131_T32UQC,mellensee,52.17062861611675,13.410681878964734,"{""type"":""Point"",""coordinates"":[13.410681878964736,52.17062861611676]}"
84,126.0,1024.0,1161.0,1133.0,1132.0,1248.0,1182.0,1268.0,1181.0,1200.0,1181.0,1199.0,1128.0,0.0,0.0,0.0,0.0,0.0,6.0,15.0,26.0,19.0,1964.0,20221028T102131_20221028T102131_T33UUT,mellensee,52.17062861611675,13.410681878964734,"{""type"":""Point"",""coordinates"":[13.410681878964736,52.17062861611676]}"
85,205.0,2694.0,2957.0,2299.0,3458.0,2964.0,2428.0,2794.0,3033.0,2983.0,4062.0,2888.0,3905.0,22.0,0.0,0.0,0.0,0.0,8.0,250.0,200.0,146.0,1269.0,20220602T100559_20220602T101148_T32UQC,mellensee,52.17062861611675,13.410681878964734,"{""type"":""Point"",""coordinates"":[13.410681878964736,52.17062861611676]}"
86,108.0,1301.0,1087.0,1094.0,1160.0,1156.0,1115.0,1092.0,1052.0,1048.0,1058.0,1066.0,1377.0,0.0,0.0,0.0,0.0,0.0,8.0,17.0,16.0,12.0,1137.0,20220806T100611_20220806T100924_T33UUT,mellensee,52.17062861611675,13.410681878964734,"{""type"":""Point"",""coordinates"":[13.410681878964736,52.17062861611676]}"
87,128.0,1753.0,1150.0,1142.0,1364.0,1345.0,1240.0,1214.0,1159.0,1179.0,1127.0,1140.0,2253.0,0.0,0.0,0.0,0.0,0.0,8.0,38.0,36.0,25.0,1376.0,20220506T101559_20220506T102302_T33UUT,mellensee,52.17062861611675,13.410681878964734,"{""type"":""Point"",""coordinates"":[13.410681878964736,52.17062861611676]}"
88,204.0,2332.0,2873.0,2244.0,3182.0,2958.0,2764.0,2756.0,2910.0,2855.0,3944.0,2820.0,3201.0,20.0,0.0,0.0,0.0,0.0,8.0,222.0,199.0,180.0,1271.0,20220602T100559_20220602T101148_T33UUT,mellensee,52.17062861611675,13.410681878964734,"{""type"":""Point"",""coordinates"":[13.410681878964736,52.17062861611676]}"
89,138.0,1448.0,1088.0,1099.0,1107.0,1128.0,1076.0,1060.0,1004.0,1018.0,1021.0,1022.0,1731.0,0.0,0.0,0.0,0.0,0.0,8.0,11.0,14.0,8.0,1140.0,20220806T100611_20220806T100924_T32UQC,mellensee,52.17062861611675,13.410681878964734,"{""type"":""Point"",""coordinates"":[13.410681878964736,52.17062861611676]}"
90,222.0,1153.0,1073.0,1062.0,1083.0,1103.0,1073.0,1073.0,1063.0,1050.0,1057.0,1053.0,1104.0,0.0,0.0,0.0,0.0,0.0,6.0,9.0,10.0,7.0,1605.0,20220508T100601_20220508T101446_T33UUT,mellensee,52.17062861611675,13.410681878964734,"{""type"":""Point"",""coordinates"":[13.410681878964736,52.17062861611676]}"
91,114.0,2.0,13.0,34.0,1.0,33.0,1.0,20.0,1.0,1.0,1.0,1.0,,0.0,0.0,0.0,0.0,0.0,6.0,2.0,4.0,1.0,502.0,20220121T102331_20220121T102333_T32UQC,mellensee,52.17062861611675,13.410681878964734,"{""type"":""Point"",""coordinates"":[13.410681878964736,52.17062861611676]}"
92,234.0,1128.0,1070.0,1059.0,1088.0,1080.0,1055.0,1060.0,1044.0,1029.0,1038.0,1038.0,1092.0,0.0,0.0,0.0,0.0,0.0,6.0,9.0,9.0,6.0,1634.0,20220508T100601_20220508T101446_T32UQC,mellensee,52.17062861611675,13.410681878964734,"{""type"":""Point"",""coordinates"":[13.410681878964736,52.17062861611676]}"
93,150.0,12292.0,6923.0,6237.0,10600.0,9968.0,9744.0,10328.0,10078.0,9916.0,9816.0,9792.0,16776.0,100.0,0.0,0.0,0.0,0.0,9.0,255.0,255.0,255.0,1190.0,20220531T101611_20220531T101724_T32UQC,mellensee,52.17062861611675,13.410681878964734,"{""type"":""Point"",""coordinates"":[13.410681878964736,52.17062861611676]}"
94,282.0,1903.0,1455.0,1405.0,1778.0,1740.0,1576.0,1576.0,1495.0,1538.0,1497.0,1530.0,2686.0,0.0,0.0,0.0,0.0,0.0,10.0,79.0,76.0,59.0,3093.0,20220630T102041_20220630T102108_T32UQC,mellensee,52.17062861611675,13.410681878964734,"{""type"":""Point"",""coordinates"":[13.410681878964736,52.17062861611676]}"
95,114.0,,17.0,30.0,1.0,8.0,1.0,4.0,1.0,1.0,1.0,1.0,,0.0,0.0,0.0,0.0,0.0,6.0,1.0,1.0,1.0,489.0,20220121T102331_20220121T102333_T33UUT,mellensee,52.17062861611675,13.410681878964734,"{""type"":""Point"",""coordinates"":[13.410681878964736,52.17062861611676]}"
96,132.0,13272.0,5166.0,3859.0,11936.0,10664.0,10400.0,10800.0,10170.0,9655.0,9952.0,9358.0,16773.0,100.0,0.0,0.0,0.0,0.0,9.0,255.0,255.0,255.0,1425.0,20221224T101431_20221224T101430_T32UQC,mellensee,52.17062861611675,13.410681878964734,"{""type"":""Point"",""coordinates"":[13.410681878964736,52.17062861611676]}"
97,342.0,10785.0,5795.0,5507.0,9552.0,8552.0,7720.0,8446.0,7915.0,7642.0,7840.0,7460.0,17953.0,100.0,0.0,0.0,0.0,0.0,9.0,255.0,255.0,255.0,3532.0,20220826T100611_20220826T100933_T32UQC,mellensee,52.17062861611675,13.410681878964734,"{""type"":""Point"",""coordinates"":[13.410681878964736,52.17062861611676]}"
98,180.0,1241.0,1198.0,1175.0,1280.0,1428.0,1252.0,1334.0,1200.0,1223.0,1241.0,1170.0,1165.0,0.0,0.0,0.0,0.0,0.0,6.0,29.0,44.0,26.0,1752.0,20220925T101031_20220925T101235_T32UQC,mellensee,52.17062861611675,13.410681878964734,"{""type"":""Point"",""coordinates"":[13.410681878964736,52.17062861611676]}"
99,228.0,2609.0,2391.0,1868.0,2440.0,2384.0,2152.0,2290.0,2429.0,2429.0,2800.0,2401.0,3604.0,0.0,0.0,0.0,0.0,0.0,10.0,147.0,141.0,118.0,1201.0,20220501T101601_20220501T101714_T33UUT,mellensee,52.17062861611675,13.410681878964734,"{""type"":""Point"",""coordinates"":[13.410681878964736,52.17062861611676]}"
100,216.0,1307.0,1157.0,1199.0,1400.0,1504.0,1371.0,1464.0,1271.0,1279.0,1211.0,1220.0,1281.0,0.0,0.0,0.0,0.0,0.0,6.0,42.0,51.0,37.0,2699.0,20220814T101559_20220814T102248_T33UUT,mellensee,52.17062861611675,13.410681878964734,"{""type"":""Point"",""coordinates"":[13.410681878964736,52.17062861611676]}"
101,240.0,1227.0,1030.0,1042.0,1214.0,1157.0,1100.0,1052.0,967.0,958.0,955.0,944.0,979.0,0.0,0.0,0.0,0.0,0.0,6.0,22.0,16.0,11.0,1810.0,20220705T101559_20220705T102253_T32UQC,mellensee,52.17062861611675,13.410681878964734,"{""type"":""Point"",""coordinates"":[13.410681878964736,52.17062861611676]}"
102,294.0,1898.0,1457.0,1407.0,1783.0,1747.0,1582.0,1581.0,1495.0,1531.0,1504.0,1516.0,2705.0,0.0,0.0,0.0,0.0,0.0,10.0,79.0,77.0,60.0,3096.0,20220630T102041_20220630T102108_T33UUT,mellensee,52.17062861611675,13.410681878964734,"{""type"":""Point"",""coordinates"":[13.410681878964736,52.17062861611676]}"
103,234.0,1239.0,1029.0,1045.0,1232.0,1175.0,1082.0,1063.0,978.0,971.0,958.0,963.0,988.0,0.0,0.0,0.0,0.0,0.0,6.0,24.0,18.0,9.0,1809.0,20220705T101559_20220705T102253_T33UUT,mellensee,52.17062861611675,13.410681878964734,"{""type"":""Point"",""coordinates"":[13.410681878964736,52.17062861611676]}"
104,102.0,2820.0,3474.0,3423.0,2560.0,2618.0,2460.0,2841.0,3710.0,4049.0,3922.0,4196.0,5962.0,14.0,0.0,0.0,0.0,0.0,10.0,159.0,165.0,149.0,1076.0,20221005T100901_20221005T101621_T32UQC,mellensee,52.17062861611675,13.410681878964734,"{""type"":""Point"",""coordinates"":[13.410681878964736,52.17062861611676]}"
105,174.0,1256.0,1205.0,1179.0,1279.0,1445.0,1285.0,1333.0,1203.0,1236.0,1235.0,1188.0,1159.0,0.0,0.0,0.0,0.0,0.0,6.0,29.0,46.0,29.0,1742.0,20220925T101031_20220925T101235_T33UUT,mellensee,52.17062861611675,13.410681878964734,"{""type"":""Point"",""coordinates"":[13.410681878964736,52.17062861611676]}"
106,348.0,10812.0,5785.0,5500.0,9744.0,8616.0,7884.0,8440.0,7927.0,7641.0,7872.0,7472.0,17993.0,100.0,0.0,0.0,0.0,0.0,9.0,255.0,255.0,255.0,3516.0,20220826T100611_20220826T100933_T33UUT,mellensee,52.17062861611675,13.410681878964734,"{""type"":""Point"",""coordinates"":[13.410681878964736,52.17062861611676]}"
107,102.0,2845.0,3460.0,3434.0,2528.0,2640.0,2384.0,2841.0,3696.0,4049.0,3910.0,4206.0,6011.0,15.0,0.0,0.0,0.0,0.0,10.0,156.0,167.0,141.0,1078.0,20221005T100901_20221005T101621_T33UUT,mellensee,52.17062861611675,13.410681878964734,"{""type"":""Point"",""coordinates"":[13.410681878964736,52.17062861611676]}"
108,156.0,12274.0,6938.0,6233.0,10656.0,9952.0,9752.0,10453.0,10200.0,10011.0,9880.0,9864.0,16809.0,100.0,0.0,0.0,0.0,0.0,9.0,255.0,255.0,255.0,1192.0,20220531T101611_20220531T101724_T33UUT,mellensee,52.17062861611675,13.410681878964734,"{""type"":""Point"",""coordinates"":[13.410681878964736,52.17062861611676]}"
109,180.0,1199.0,1107.0,1107.0,1184.0,1296.0,1186.0,1168.0,1055.0,1039.0,1047.0,1041.0,1018.0,0.0,0.0,0.0,0.0,0.0,6.0,19.0,31.0,19.0,2692.0,20220627T100611_20220627T100933_T33UUT,mellensee,52.17062861611675,13.410681878964734,"{""type"":""Point"",""coordinates"":[13.410681878964736,52.17062861611676]}"
110,222.0,1298.0,1155.0,1199.0,1372.0,1502.0,1359.0,1462.0,1254.0,1261.0,1196.0,1205.0,1303.0,0.0,0.0,0.0,0.0,0.0,6.0,37.0,51.0,37.0,2706.0,20220814T101559_20220814T102248_T32UQC,mellensee,52.17062861611675,13.410681878964734,"{""type"":""Point"",""coordinates"":[13.410681878964736,52.17062861611676]}"
111,246.0,2448.0,2392.0,1868.0,2534.0,2488.0,2212.0,2287.0,2407.0,2410.0,2938.0,2373.0,3247.0,0.0,0.0,0.0,0.0,0.0,10.0,156.0,152.0,124.0,1229.0,20220501T101601_20220501T101714_T32UQC,mellensee,52.17062861611675,13.410681878964734,"{""type"":""Point"",""coordinates"":[13.410681878964736,52.17062861611676]}"
112,120.0,1110.0,1016.0,1014.0,1162.0,1181.0,1102.0,1089.0,979.0,991.0,976.0,969.0,970.0,0.0,0.0,0.0,0.0,0.0,6.0,16.0,19.0,11.0,1247.0,20220622T100559_20220622T101515_T33UUT,mellensee,52.17062861611675,13.410681878964734,"{""type"":""Point"",""coordinates"":[13.410681878964736,52.17062861611676]}"
113,150.0,13786.0,5459.0,4183.0,12168.0,10584.0,10176.0,11396.0,10710.0,10162.0,9736.0,9822.0,16869.0,100.0,0.0,0.0,0.0,0.0,9.0,255.0,255.0,255.0,1433.0,20221224T101431_20221224T101430_T33UUT,mellensee,52.17062861611675,13.410681878964734,"{""type"":""Point"",""coordinates"":[13.410681878964736,52.17062861611676]}"
114,84.0,1256.0,1069.0,1095.0,1235.0,1196.0,1107.0,1097.0,1072.0,1107.0,1102.0,1083.0,1174.0,0.0,0.0,0.0,0.0,0.0,6.0,24.0,20.0,11.0,540.0,20220225T101909_20220225T101908_T33UUT,mellensee,52.17062861611675,13.410681878964734,"{""type"":""Point"",""coordinates"":[13.410681878964736,52.17062861611676]}"
115,114.0,2734.0,2032.0,1878.0,2720.0,2760.0,2572.0,2849.0,3061.0,3114.0,3100.0,3033.0,3370.0,24.0,0.0,0.0,0.0,0.0,8.0,175.0,179.0,160.0,1100.0,20220918T101701_20220918T101921_T33UUT,mellensee,52.17062861611675,13.410681878964734,"{""type"":""Point"",""coordinates"":[13.410681878964736,52.17062861611676]}"
116,188.0,1187.0,1103.0,1105.0,1166.0,1259.0,1156.0,1163.0,1045.0,1024.0,1030.0,1026.0,1004.0,0.0,0.0,0.0,0.0,0.0,6.0,17.0,27.0,16.0,2719.0,20220627T100611_20220627T100933_T32UQC,mellensee,52.17062861611675,13.410681878964734,"{""type"":""Point"",""coordinates"":[13.410681878964736,52.17062861611676]}"
117,66.0,2709.0,2291.0,2120.0,3038.0,2874.0,2510.0,2511.0,2477.0,2449.0,2990.0,2410.0,2714.0,0.0,0.0,0.0,0.0,0.0,10.0,208.0,191.0,154.0,690.0,20220217T101101_20220217T101101_T32UQC,mellensee,52.17062861611675,13.410681878964734,"{""type"":""Point"",""coordinates"":[13.410681878964736,52.17062861611676]}"
118,138.0,2347.0,2823.0,2696.0,2972.0,2650.0,2490.0,2672.0,2838.0,2852.0,3492.0,2798.0,4758.0,0.0,0.0,0.0,0.0,0.0,10.0,201.0,168.0,152.0,2228.0,20220910T100559_20220910T101108_T32UQC,mellensee,52.17062861611675,13.410681878964734,"{""type"":""Point"",""coordinates"":[13.410681878964736,52.17062861611676]}"
119,126.0,4622.0,3586.0,3463.0,4124.0,3938.0,3846.0,3957.0,4115.0,4116.0,4112.0,4083.0,11006.0,100.0,0.0,0.0,0.0,1024.0,9.0,255.0,255.0,255.0,1239.0,20220103T101319_20220103T101321_T32UQC,mellensee,52.17062861611675,13.410681878964734,"{""type"":""Point"",""coordinates"":[13.410681878964736,52.17062861611676]}"
120,120.0,4502.0,3689.0,3497.0,4062.0,3786.0,3666.0,4085.0,4151.0,4151.0,4040.0,4106.0,10800.0,100.0,0.0,0.0,0.0,1024.0,9.0,255.0,255.0,255.0,1228.0,20220103T101319_20220103T101321_T33UUT,mellensee,52.17062861611675,13.410681878964734,"{""type"":""Point"",""coordinates"":[13.410681878964736,52.17062861611676]}"
121,132.0,1319.0,1230.0,1226.0,1324.0,1366.0,1278.0,1300.0,1317.0,1354.0,1338.0,1372.0,1696.0,0.0,0.0,0.0,0.0,0.0,6.0,33.0,38.0,30.0,1374.0,20220605T101559_20220605T102306_T33UUT,mellensee,52.17062861611675,13.410681878964734,"{""type"":""Point"",""coordinates"":[13.410681878964736,52.17062861611676]}"
122,66.0,1760.0,1835.0,2216.0,1268.0,1430.0,1552.0,1689.0,1681.0,1920.0,1231.0,2227.0,3119.0,0.0,0.0,0.0,0.0,0.0,10.0,28.0,43.0,57.0,813.0,20221112T102159_20221112T102609_T33UUT,mellensee,52.17062861611675,13.410681878964734,"{""type"":""Point"",""coordinates"":[13.410681878964736,52.17062861611676]}"
123,108.0,2644.0,2024.0,1879.0,2506.0,2758.0,2668.0,2810.0,3023.0,3116.0,3004.0,3041.0,3247.0,23.0,0.0,0.0,0.0,0.0,8.0,154.0,179.0,170.0,1101.0,20220918T101701_20220918T101921_T32UQC,mellensee,52.17062861611675,13.410681878964734,"{""type"":""Point"",""coordinates"":[13.410681878964736,52.17062861611676]}"
124,138.0,2395.0,2880.0,2725.0,3042.0,2754.0,2492.0,2720.0,2894.0,2920.0,3604.0,2830.0,4884.0,0.0,0.0,0.0,0.0,0.0,10.0,208.0,179.0,152.0,2231.0,20220910T100559_20220910T101108_T33UUT,mellensee,52.17062861611675,13.410681878964734,"{""type"":""Point"",""coordinates"":[13.410681878964736,52.17062861611676]}"
125,66.0,1638.0,1807.0,2163.0,1283.0,1438.0,1630.0,1676.0,1662.0,1842.0,1284.0,2159.0,2880.0,0.0,0.0,0.0,0.0,0.0,10.0,30.0,45.0,66.0,801.0,20221112T102159_20221112T102609_T32UQC,mellensee,52.17062861611675,13.410681878964734,"{""type"":""Point"",""coordinates"":[13.410681878964736,52.17062861611676]}"
126,66.0,1248.0,1071.0,1075.0,1329.0,1301.0,1212.0,1187.0,1156.0,1139.0,1144.0,1137.0,1095.0,0.0,0.0,0.0,0.0,0.0,6.0,34.0,31.0,22.0,621.0,20220205T102119_20220205T102141_T32UQC,mellensee,52.17062861611675,13.410681878964734,"{""type"":""Point"",""coordinates"":[13.410681878964736,52.17062861611676]}"
127,90.0,1194.0,1082.0,1111.0,1224.0,1163.0,1124.0,1102.0,1097.0,1125.0,1078.0,1098.0,1095.0,0.0,0.0,0.0,0.0,0.0,6.0,23.0,17.0,13.0,537.0,20220225T101909_20220225T101908_T32UQC,mellensee,52.17062861611675,13.410681878964734,"{""type"":""Point"",""coordinates"":[13.410681878964736,52.17062861611676]}"
128,168.0,11593.0,7461.0,6315.0,11016.0,10320.0,9856.0,10510.0,10012.0,9605.0,9848.0,9374.0,16909.0,100.0,0.0,0.0,0.0,0.0,9.0,255.0,255.0,255.0,1972.0,20220612T100559_20220612T101520_T32UQC,mellensee,52.17062861611675,13.410681878964734,"{""type"":""Point"",""coordinates"":[13.410681878964736,52.17062861611676]}"
129,126.0,1102.0,1015.0,1014.0,1164.0,1180.0,1099.0,1084.0,969.0,978.0,967.0,960.0,961.0,0.0,0.0,0.0,0.0,0.0,6.0,17.0,19.0,11.0,1243.0,20220622T100559_20220622T101515_T32UQC,mellensee,52.17062861611675,13.410681878964734,"{""type"":""Point"",""coordinates"":[13.410681878964736,52.17062861611676]}"
130,222.0,12549.0,7576.0,6452.0,11560.0,10776.0,10272.0,10871.0,10319.0,9937.0,10192.0,9637.0,17128.0,100.0,0.0,0.0,0.0,0.0,9.0,255.0,255.0,255.0,1979.0,20220612T100559_20220612T101520_T33UUT,mellensee,52.17062861611675,13.410681878964734,"{""type"":""Point"",""coordinates"":[13.410681878964736,52.17062861611676]}"
131,144.0,1407.0,1137.0,1141.0,1436.0,1444.0,1265.0,1256.0,1108.0,1135.0,1129.0,1119.0,1152.0,0.0,0.0,0.0,0.0,0.0,6.0,45.0,46.0,27.0,630.0,20220411T101601_20220411T102232_T33UUT,mellensee,52.17062861611675,13.410681878964734,"{""type"":""Point"",""coordinates"":[13.410681878964736,52.17062861611676]}"
132,108.0,1210.0,1265.0,1238.0,1306.0,1352.0,1281.0,1328.0,1254.0,1284.0,1304.0,1277.0,1503.0,0.0,0.0,0.0,0.0,0.0,10.0,32.0,36.0,29.0,538.0,20221020T100939_20221020T100938_T32UQC,mellensee,52.17062861611675,13.410681878964734,"{""type"":""Point"",""coordinates"":[13.410681878964736,52.17062861611676]}"
133,150.0,1398.0,1132.0,1142.0,1400.0,1442.0,1272.0,1249.0,1106.0,1126.0,1143.0,1109.0,1165.0,0.0,0.0,0.0,0.0,0.0,6.0,41.0,45.0,28.0,645.0,20220411T101601_20220411T102232_T32UQC,mellensee,52.17062861611675,13.410681878964734,"{""type"":""Point"",""coordinates"":[13.410681878964736,52.17062861611676]}"
134,132.0,1303.0,1231.0,1225.0,1342.0,1366.0,1293.0,1297.0,1316.0,1355.0,1349.0,1374.0,1697.0,0.0,0.0,0.0,0.0,0.0,6.0,35.0,38.0,30.0,1413.0,20220605T101559_20220605T102306_T32UQC,mellensee,52.17062861611675,13.410681878964734,"{""type"":""Point"",""coordinates"":[13.410681878964736,52.17062861611676]}"
135,210.0,17134.0,7962.0,6682.0,14552.0,12912.0,12408.0,13365.0,12787.0,12676.0,11944.0,12439.0,17053.0,100.0,0.0,0.0,0.0,0.0,9.0,255.0,255.0,255.0,1113.0,20220528T100601_20220528T101040_T32UQC,mellensee,52.17062861611675,13.410681878964734,"{""type"":""Point"",""coordinates"":[13.410681878964736,52.17062861611676]}"
136,108.0,1223.0,1026.0,1020.0,1252.0,1305.0,1156.0,1165.0,1098.0,1098.0,1090.0,1056.0,1033.0,0.0,0.0,0.0,0.0,0.0,6.0,26.0,31.0,16.0,613.0,20220314T101019_20220314T101022_T33UUT,mellensee,52.17062861611675,13.410681878964734,"{""type"":""Point"",""coordinates"":[13.410681878964736,52.17062861611676]}"
137,66.0,1260.0,1076.0,1071.0,1352.0,1310.0,1202.0,1184.0,1156.0,1141.0,1147.0,1139.0,1098.0,0.0,0.0,0.0,0.0,0.0,6.0,36.0,32.0,21.0,627.0,20220205T102119_20220205T102141_T33UUT,mellensee,52.17062861611675,13.410681878964734,"{""type"":""Point"",""coordinates"":[13.410681878964736,52.17062861611676]}"
138,78.0,1281.0,1047.0,1062.0,1394.0,1339.0,1189.0,1203.0,1159.0,1151.0,1137.0,1100.0,1070.0,0.0,0.0,0.0,0.0,0.0,6.0,41.0,35.0,20.0,984.0,20220215T102019_20220215T102018_T33UUT,mellensee,52.17062861611675,13.410681878964734,"{""type"":""Point"",""coordinates"":[13.410681878964736,52.17062861611676]}"
139,66.0,2687.0,2299.0,2116.0,2918.0,2722.0,2396.0,2545.0,2474.0,2424.0,2826.0,2404.0,2668.0,20.0,0.0,0.0,0.0,0.0,8.0,195.0,175.0,142.0,679.0,20220217T101101_20220217T101101_T33UUT,mellensee,52.17062861611675,13.410681878964734,"{""type"":""Point"",""coordinates"":[13.410681878964736,52.17062861611676]}"
140,210.0,17070.0,7810.0,6536.0,14904.0,13360.0,12680.0,13072.0,12513.0,12406.0,12232.0,12194.0,17054.0,100.0,0.0,0.0,0.0,0.0,9.0,255.0,255.0,255.0,1116.0,20220528T100601_20220528T101040_T33UUT,mellensee,52.17062861611675,13.410681878964734,"{""type"":""Point"",""coordinates"":[13.410681878964736,52.17062861611676]}"
141,96.0,4923.0,1692.0,1472.0,4272.0,3478.0,3020.0,3037.0,2930.0,2917.0,2898.0,2769.0,2877.0,50.0,0.0,0.0,0.0,0.0,8.0,255.0,252.0,206.0,1341.0,20220920T100649_20220920T101319_T32UQC,mellensee,52.17062861611675,13.410681878964734,"{""type"":""Point"",""coordinates"":[13.410681878964736,52.17062861611676]}"
142,96.0,4792.0,1708.0,1475.0,4308.0,3540.0,3046.0,3038.0,2937.0,2916.0,2908.0,2763.0,2745.0,50.0,0.0,0.0,0.0,0.0,8.0,255.0,255.0,208.0,1341.0,20220920T100649_20220920T101319_T33UUT,mellensee,52.17062861611675,13.410681878964734,"{""type"":""Point"",""coordinates"":[13.410681878964736,52.17062861611676]}"
143,84.0,1241.0,1048.0,1061.0,1346.0,1306.0,1208.0,1194.0,1148.0,1144.0,1123.0,1092.0,1066.0,0.0,0.0,0.0,0.0,0.0,6.0,36.0,32.0,22.0,996.0,20220215T102019_20220215T102018_T32UQC,mellensee,52.17062861611675,13.410681878964734,"{""type"":""Point"",""coordinates"":[13.410681878964736,52.17062861611676]}"
144,60.0,1551.0,1285.0,1259.0,1402.0,1378.0,1329.0,1314.0,1259.0,1262.0,1291.0,1285.0,1323.0,0.0,0.0,0.0,0.0,0.0,6.0,41.0,39.0,34.0,741.0,20220128T101301_20220128T101258_T33UUT,mellensee,52.17062861611675,13.410681878964734,"{""type"":""Point"",""coordinates"":[13.410681878964736,52.17062861611676]}"
145,66.0,2445.0,1706.0,1508.0,2148.0,1951.0,1750.0,1861.0,1854.0,1867.0,1996.0,1867.0,2069.0,0.0,0.0,0.0,0.0,0.0,6.0,117.0,97.0,77.0,653.0,20220207T101201_20220207T101202_T32UQC,mellensee,52.17062861611675,13.410681878964734,"{""type"":""Point"",""coordinates"":[13.410681878964736,52.17062861611676]}"
146,108.0,1214.0,1264.0,1235.0,1299.0,1342.0,1303.0,1328.0,1252.0,1284.0,1300.0,1278.0,1510.0,0.0,0.0,0.0,0.0,0.0,10.0,31.0,36.0,32.0,542.0,20221020T100939_20221020T100938_T33UUT,mellensee,52.17062861611675,13.410681878964734,"{""type"":""Point"",""coordinates"":[13.410681878964736,52.17062861611676]}"
147,60.0,1498.0,1283.0,1253.0,1393.0,1410.0,1332.0,1314.0,1261.0,1252.0,1319.0,1274.0,1281.0,0.0,0.0,0.0,0.0,0.0,6.0,40.0,42.0,34.0,722.0,20220128T101301_20220128T101258_T32UQC,mellensee,52.17062861611675,13.410681878964734,"{""type"":""Point"",""coordinates"":[13.410681878964736,52.17062861611676]}"
148,66.0,2357.0,1679.0,1498.0,2154.0,2028.0,1857.0,1800.0,1806.0,1828.0,2028.0,1827.0,1931.0,0.0,0.0,0.0,0.0,0.0,6.0,118.0,105.0,88.0,633.0,20220207T101201_20220207T101202_T33UUT,mellensee,52.17062861611675,13.410681878964734,"{""type"":""Point"",""coordinates"":[13.410681878964736,52.17062861611676]}"
149,96.0,1455.0,1241.0,1208.0,1406.0,1482.0,1373.0,1373.0,1324.0,1354.0,1344.0,1345.0,1397.0,0.0,0.0,0.0,0.0,0.0,6.0,42.0,49.0,38.0,295.0,20220302T101941_20220302T102050_T33UUT,mellensee,52.17062861611675,13.410681878964734,"{""type"":""Point"",""coordinates"":[13.410681878964736,52.17062861611676]}"
150,113.0,1211.0,1024.0,1020.0,1254.0,1285.0,1161.0,1158.0,1090.0,1090.0,1083.0,1054.0,1029.0,0.0,0.0,0.0,0.0,0.0,6.0,26.0,29.0,17.0,632.0,20220314T101019_20220314T101022_T32UQC,mellensee,52.17062861611675,13.410681878964734,"{""type"":""Point"",""coordinates"":[13.410681878964736,52.17062861611676]}"
151,66.0,3213.0,3290.0,3111.0,3574.0,3430.0,3284.0,3573.0,3720.0,3745.0,3980.0,3671.0,4578.0,62.0,0.0,0.0,0.0,0.0,8.0,255.0,247.0,233.0,1394.0,20221003T101749_20221003T102344_T32UQC,mellensee,52.17062861611675,13.410681878964734,"{""type"":""Point"",""coordinates"":[13.410681878964736,52.17062861611676]}"
152,66.0,3610.0,3243.0,3047.0,3508.0,3514.0,3314.0,3529.0,3658.0,3654.0,4046.0,3593.0,5183.0,59.0,0.0,0.0,0.0,0.0,8.0,255.0,255.0,236.0,1370.0,20221003T101749_20221003T102344_T33UUT,mellensee,52.17062861611675,13.410681878964734,"{""type"":""Point"",""coordinates"":[13.410681878964736,52.17062861611676]}"
153,234.0,4017.0,2535.0,2418.0,3734.0,3544.0,3264.0,3531.0,3818.0,3907.0,4024.0,3912.0,8307.0,65.0,0.0,0.0,0.0,0.0,8.0,255.0,255.0,231.0,1539.0,20220523T100559_20220523T100554_T32UQC,mellensee,52.17062861611675,13.410681878964734,"{""type"":""Point"",""coordinates"":[13.410681878964736,52.17062861611676]}"
154,126.0,1369.0,1232.0,1201.0,1343.0,1408.0,1334.0,1328.0,1277.0,1307.0,1294.0,1312.0,1374.0,0.0,0.0,0.0,0.0,0.0,6.0,35.0,42.0,34.0,311.0,20220302T101941_20220302T102050_T32UQC,mellensee,52.17062861611675,13.410681878964734,"{""type"":""Point"",""coordinates"":[13.410681878964736,52.17062861611676]}"
155,270.0,7324.0,3545.0,3798.0,6036.0,5308.0,5032.0,5512.0,5873.0,6061.0,5772.0,6101.0,12679.0,100.0,0.0,0.0,0.0,0.0,9.0,255.0,255.0,255.0,1453.0,20220717T100611_20220717T100925_T33UUT,mellensee,52.17062861611675,13.410681878964734,"{""type"":""Point"",""coordinates"":[13.410681878964736,52.17062861611676]}"
156,174.0,1336.0,1039.0,1040.0,1312.0,1221.0,1126.0,1128.0,1085.0,1113.0,1097.0,1073.0,1079.0,0.0,0.0,0.0,0.0,0.0,6.0,32.0,23.0,13.0,1922.0,20220526T101559_20220526T102306_T32UQC,mellensee,52.17062861611675,13.410681878964734,"{""type"":""Point"",""coordinates"":[13.410681878964736,52.17062861611676]}"
157,228.0,3998.0,2534.0,2416.0,3728.0,3540.0,3272.0,3524.0,3819.0,3899.0,4024.0,3901.0,8202.0,65.0,0.0,0.0,0.0,0.0,8.0,255.0,255.0,231.0,1525.0,20220523T100559_20220523T100554_T33UUT,mellensee,52.17062861611675,13.410681878964734,"{""type"":""Point"",""coordinates"":[13.410681878964736,52.17062861611676]}"
158,132.0,2995.0,2959.0,2345.0,3370.0,3106.0,2936.0,2991.0,2922.0,2890.0,3486.0,2774.0,3312.0,40.0,0.0,0.0,0.0,0.0,8.0,241.0,214.0,197.0,358.0,20220403T100549_20220403T100558_T32UQC,mellensee,52.17062861611675,13.410681878964734,"{""type"":""Point"",""coordinates"":[13.410681878964736,52.17062861611676]}"
159,234.0,6926.0,3558.0,3793.0,5704.0,5184.0,4916.0,5442.0,5817.0,6001.0,5688.0,6047.0,12435.0,100.0,0.0,0.0,0.0,0.0,9.0,255.0,255.0,255.0,1481.0,20220717T100611_20220717T100925_T32UQC,mellensee,52.17062861611675,13.410681878964734,"{""type"":""Point"",""coordinates"":[13.410681878964736,52.17062861611676]}"
160,114.0,1656.0,1169.0,1172.0,1575.0,1482.0,1306.0,1330.0,1217.0,1221.0,1330.0,1220.0,1407.0,0.0,0.0,0.0,0.0,0.0,6.0,59.0,49.0,32.0,1464.0,20220727T100601_20220727T100930_T33UUT,mellensee,52.17062861611675,13.410681878964734,"{""type"":""Point"",""coordinates"":[13.410681878964736,52.17062861611676]}"
161,114.0,1664.0,1171.0,1167.0,1514.0,1422.0,1302.0,1335.0,1219.0,1221.0,1236.0,1217.0,1438.0,0.0,0.0,0.0,0.0,0.0,6.0,53.0,43.0,31.0,1464.0,20220727T100601_20220727T100930_T32UQC,mellensee,52.17062861611675,13.410681878964734,"{""type"":""Point"",""coordinates"":[13.410681878964736,52.17062861611676]}"
162,138.0,14113.0,5293.0,3892.0,10784.0,10072.0,10600.0,11293.0,10716.0,10276.0,8640.0,9697.0,16701.0,65.0,0.0,0.0,0.0,0.0,8.0,255.0,255.0,255.0,1475.0,20220521T101601_20220521T102207_T32UQC,mellensee,52.17062861611675,13.410681878964734,"{""type"":""Point"",""coordinates"":[13.410681878964736,52.17062861611676]}"
163,132.0,2948.0,2985.0,2363.0,3316.0,3148.0,3056.0,2997.0,2951.0,2913.0,3518.0,2776.0,3244.0,40.0,0.0,0.0,0.0,0.0,8.0,236.0,219.0,209.0,360.0,20220403T100549_20220403T100558_T33UUT,mellensee,52.17062861611675,13.410681878964734,"{""type"":""Point"",""coordinates"":[13.410681878964736,52.17062861611676]}"
164,240.0,1751.0,1449.0,1604.0,1496.0,1420.0,1195.0,1251.0,1395.0,1470.0,1585.0,1772.0,2670.0,0.0,0.0,0.0,0.0,0.0,6.0,51.0,43.0,20.0,1640.0,20220607T100601_20220607T100834_T32UQC,mellensee,52.17062861611675,13.410681878964734,"{""type"":""Point"",""coordinates"":[13.410681878964736,52.17062861611676]}"
165,174.0,1348.0,1040.0,1041.0,1298.0,1220.0,1137.0,1128.0,1086.0,1120.0,1102.0,1075.0,1100.0,0.0,0.0,0.0,0.0,0.0,6.0,31.0,23.0,14.0,1897.0,20220526T101559_20220526T102306_T33UUT,mellensee,52.17062861611675,13.410681878964734,"{""type"":""Point"",""coordinates"":[13.410681878964736,52.17062861611676]}"
166,254.0,11002.0,6452.0,6333.0,9552.0,8584.0,8240.0,8958.0,8604.0,8387.0,7996.0,8172.0,17462.0,100.0,0.0,0.0,0.0,0.0,9.0,255.0,255.0,255.0,2915.0,20220625T101559_20220625T102253_T32UQC,mellensee,52.17062861611675,13.410681878964734,"{""type"":""Point"",""coordinates"":[13.410681878964736,52.17062861611676]}"
167,138.0,14584.0,5215.0,3886.0,11104.0,10800.0,10816.0,11230.0,10687.0,10352.0,9176.0,9792.0,16712.0,65.0,0.0,0.0,0.0,0.0,8.0,255.0,255.0,255.0,1464.0,20220521T101601_20220521T102207_T33UUT,mellensee,52.17062861611675,13.410681878964734,"{""type"":""Point"",""coordinates"":[13.410681878964736,52.17062861611676]}"
168,198.0,1824.0,1456.0,1579.0,1501.0,1446.0,1282.0,1270.0,1496.0,1618.0,1534.0,1838.0,2778.0,0.0,0.0,0.0,0.0,0.0,6.0,51.0,46.0,29.0,1637.0,20220607T100601_20220607T100834_T33UUT,mellensee,52.17062861611675,13.410681878964734,"{""type"":""Point"",""coordinates"":[13.410681878964736,52.17062861611676]}"
169,264.0,5575.0,3732.0,2985.0,5648.0,5204.0,4728.0,4832.0,5031.0,5050.0,5532.0,4906.0,7445.0,100.0,0.0,0.0,0.0,0.0,9.0,255.0,255.0,255.0,1372.0,20220513T100559_20220513T100553_T32UQC,mellensee,52.17062861611675,13.410681878964734,"{""type"":""Point"",""coordinates"":[13.410681878964736,52.17062861611676]}"
170,102.0,930.0,1063.0,1079.0,1060.0,1141.0,1111.0,1158.0,1075.0,1090.0,1077.0,1081.0,1066.0,0.0,0.0,0.0,0.0,0.0,6.0,7.0,15.0,12.0,1650.0,20221023T102029_20221023T102023_T33UUT,mellensee,52.17062861611675,13.410681878964734,"{""type"":""Point"",""coordinates"":[13.410681878964736,52.17062861611676]}"
171,66.0,3934.0,3288.0,3197.0,3770.0,3758.0,3814.0,4167.0,4149.0,4081.0,4072.0,4067.0,8840.0,93.0,0.0,0.0,0.0,0.0,9.0,255.0,255.0,255.0,1670.0,20221025T101111_20221025T101109_T33UUT,mellensee,52.17062861611675,13.410681878964734,"{""type"":""Point"",""coordinates"":[13.410681878964736,52.17062861611676]}"
172,264.0,5368.0,3748.0,2960.0,5552.0,5124.0,4748.0,4856.0,5044.0,5052.0,5472.0,4888.0,7201.0,100.0,0.0,0.0,0.0,0.0,9.0,255.0,255.0,255.0,1349.0,20220513T100559_20220513T100553_T33UUT,mellensee,52.17062861611675,13.410681878964734,"{""type"":""Point"",""coordinates"":[13.410681878964736,52.17062861611676]}"
173,60.0,5882.0,3785.0,3696.0,6536.0,5936.0,5520.0,6013.0,5906.0,5570.0,6332.0,5276.0,16414.0,100.0,0.0,0.0,0.0,0.0,9.0,255.0,255.0,255.0,1184.0,20221109T101139_20221109T101136_T32UQC,mellensee,52.17062861611675,13.410681878964734,"{""type"":""Point"",""coordinates"":[13.410681878964736,52.17062861611676]}"
174,108.0,2841.0,3460.0,3456.0,2570.0,2646.0,2456.0,2844.0,3691.0,4044.0,3912.0,4211.0,6367.0,12.0,0.0,0.0,0.0,0.0,10.0,160.0,168.0,148.0,1185.0,20221005T100901_20221005T100901_T32UQC,mellensee,52.17062861611675,13.410681878964734,"{""type"":""Point"",""coordinates"":[13.410681878964736,52.17062861611676]}"
175,60.0,5877.0,3772.0,3704.0,6604.0,6020.0,5552.0,5974.0,5860.0,5601.0,6324.0,5270.0,16413.0,100.0,0.0,0.0,0.0,0.0,9.0,255.0,255.0,255.0,1197.0,20221109T101139_20221109T101136_T33UUT,mellensee,52.17062861611675,13.410681878964734,"{""type"":""Point"",""coordinates"":[13.410681878964736,52.17062861611676]}"
176,258.0,3664.0,2193.0,2187.0,3366.0,3134.0,2926.0,3201.0,3189.0,3238.0,3356.0,3234.0,8955.0,65.0,0.0,0.0,0.0,0.0,8.0,241.0,217.0,196.0,2219.0,20220730T101611_20220730T102432_T33UUT,mellensee,52.17062861611675,13.410681878964734,"{""type"":""Point"",""coordinates"":[13.410681878964736,52.17062861611676]}"
177,270.0,5571.0,4643.0,4346.0,4780.0,4508.0,4452.0,4603.0,4696.0,4823.0,4916.0,5014.0,6321.0,100.0,0.0,0.0,0.0,0.0,9.0,255.0,255.0,255.0,858.0,20220329T100611_20220329T101224_T33UUT,mellensee,52.17062861611675,13.410681878964734,"{""type"":""Point"",""coordinates"":[13.410681878964736,52.17062861611676]}"
178,156.0,2221.0,2363.0,2198.0,2192.0,2162.0,2280.0,2313.0,2341.0,2337.0,2156.0,2254.0,2243.0,0.0,0.0,0.0,0.0,0.0,6.0,122.0,119.0,131.0,1346.0,20221008T101931_20221008T101925_T33UUT,mellensee,52.17062861611675,13.410681878964734,"{""type"":""Point"",""coordinates"":[13.410681878964736,52.17062861611676]}"
179,252.0,10789.0,6449.0,6348.0,9552.0,8496.0,8256.0,8974.0,8581.0,8338.0,8060.0,8157.0,17430.0,100.0,0.0,0.0,0.0,0.0,9.0,255.0,255.0,255.0,2946.0,20220625T101559_20220625T102253_T33UUT,mellensee,52.17062861611675,13.410681878964734,"{""type"":""Point"",""coordinates"":[13.410681878964736,52.17062861611676]}"
180,54.0,9950.0,4734.0,4402.0,9744.0,8984.0,8680.0,8968.0,8704.0,8490.0,9088.0,8278.0,13618.0,100.0,0.0,0.0,0.0,0.0,9.0,255.0,255.0,255.0,725.0,20220202T101129_20220202T101130_T32UQC,mellensee,52.17062861611675,13.410681878964734,"{""type"":""Point"",""coordinates"":[13.410681878964736,52.17062861611676]}"
181,264.0,3673.0,2188.0,2188.0,3360.0,3162.0,2946.0,3197.0,3171.0,3227.0,3330.0,3224.0,9054.0,65.0,0.0,0.0,0.0,0.0,8.0,240.0,220.0,198.0,2232.0,20220730T101611_20220730T102432_T32UQC,mellensee,52.17062861611675,13.410681878964734,"{""type"":""Point"",""coordinates"":[13.410681878964736,52.17062861611676]}"
182,114.0,3980.0,3786.0,3739.0,3540.0,3452.0,3560.0,3992.0,3942.0,3958.0,3718.0,3969.0,4866.0,100.0,0.0,0.0,0.0,0.0,9.0,255.0,255.0,255.0,1002.0,20220118T101341_20220118T101414_T33UUT,mellensee,52.17062861611675,13.410681878964734,"{""type"":""Point"",""coordinates"":[13.410681878964736,52.17062861611676]}"
183,108.0,2864.0,3444.0,3463.0,2540.0,2682.0,2394.0,2842.0,3677.0,4046.0,3910.0,4223.0,6418.0,14.0,0.0,0.0,0.0,0.0,10.0,157.0,171.0,142.0,1186.0,20221005T100901_20221005T100901_T33UUT,mellensee,52.17062861611675,13.410681878964734,"{""type"":""Point"",""coordinates"":[13.410681878964736,52.17062861611676]}"
184,84.0,3891.0,3281.0,3217.0,3722.0,3842.0,3862.0,4159.0,4146.0,4072.0,4156.0,4059.0,9389.0,93.0,0.0,0.0,0.0,0.0,9.0,255.0,255.0,255.0,1803.0,20221025T101111_20221025T101109_T32UQC,mellensee,52.17062861611675,13.410681878964734,"{""type"":""Point"",""coordinates"":[13.410681878964736,52.17062861611676]}"
185,72.0,1702.0,1674.0,1604.0,1734.0,1726.0,1620.0,1736.0,1755.0,1792.0,1844.0,1783.0,3027.0,0.0,0.0,0.0,0.0,0.0,10.0,75.0,74.0,63.0,1569.0,20220831T100559_20220831T101442_T33UUT,mellensee,52.17062861611675,13.410681878964734,"{""type"":""Point"",""coordinates"":[13.410681878964736,52.17062861611676]}"
186,54.0,9902.0,4843.0,4510.0,9656.0,8880.0,8632.0,9106.0,8830.0,8639.0,8984.0,8419.0,13502.0,100.0,0.0,0.0,0.0,0.0,9.0,255.0,255.0,255.0,734.0,20220202T101129_20220202T101130_T33UUT,mellensee,52.17062861611675,13.410681878964734,"{""type"":""Point"",""coordinates"":[13.410681878964736,52.17062861611676]}"
187,186.0,1494.0,1316.0,1310.0,1602.0,1717.0,1514.0,1587.0,1415.0,1439.0,1452.0,1413.0,2140.0,0.0,0.0,0.0,0.0,0.0,10.0,64.0,73.0,53.0,2548.0,20220804T101559_20220804T102126_T33UUT,mellensee,52.17062861611675,13.410681878964734,"{""type"":""Point"",""coordinates"":[13.410681878964736,52.17062861611676]}"
188,72.0,1675.0,1674.0,1602.0,1718.0,1700.0,1608.0,1731.0,1757.0,1785.0,1826.0,1773.0,3023.0,0.0,0.0,0.0,0.0,0.0,10.0,73.0,72.0,62.0,1577.0,20220831T100559_20220831T101442_T32UQC,mellensee,52.17062861611675,13.410681878964734,"{""type"":""Point"",""coordinates"":[13.410681878964736,52.17062861611676]}"
189,186.0,2149.0,2412.0,2265.0,2106.0,1938.0,2028.0,2366.0,2404.0,2426.0,1994.0,2336.0,2193.0,0.0,0.0,0.0,0.0,0.0,6.0,113.0,96.0,105.0,1333.0,20221008T101931_20221008T101925_T32UQC,mellensee,52.17062861611675,13.410681878964734,"{""type"":""Point"",""coordinates"":[13.410681878964736,52.17062861611676]}"
190,270.0,5330.0,4825.0,4508.0,4212.0,4042.0,4160.0,4859.0,4947.0,5041.0,4392.0,5201.0,6066.0,100.0,0.0,0.0,0.0,0.0,9.0,255.0,255.0,255.0,856.0,20220329T100611_20220329T101224_T32UQC,mellensee,52.17062861611675,13.410681878964734,"{""type"":""Point"",""coordinates"":[13.410681878964736,52.17062861611676]}"
191,162.0,8412.0,6545.0,6257.0,7928.0,7300.0,7016.0,7556.0,7344.0,7251.0,7268.0,7123.0,14380.0,100.0,0.0,0.0,0.0,0.0,9.0,255.0,255.0,255.0,2764.0,20220722T100559_20220722T101518_T32UQC,mellensee,52.17062861611675,13.410681878964734,"{""type"":""Point"",""coordinates"":[13.410681878964736,52.17062861611676]}"
192,60.0,1426.0,1165.0,1152.0,1487.0,1402.0,1280.0,1304.0,1268.0,1253.0,1262.0,1237.0,1639.0,0.0,0.0,0.0,0.0,0.0,6.0,50.0,41.0,29.0,1375.0,20221229T101329_20221229T101331_T32UQC,mellensee,52.17062861611675,13.410681878964734,"{""type"":""Point"",""coordinates"":[13.410681878964736,52.17062861611676]}"
193,60.0,1421.0,1163.0,1148.0,1520.0,1400.0,1293.0,1303.0,1256.0,1251.0,1254.0,1232.0,1604.0,0.0,0.0,0.0,0.0,0.0,6.0,53.0,41.0,30.0,1355.0,20221229T101329_20221229T101331_T33UUT,mellensee,52.17062861611675,13.410681878964734,"{""type"":""Point"",""coordinates"":[13.410681878964736,52.17062861611676]}"
194,204.0,2085.0,1207.0,1153.0,1202.0,1244.0,1498.0,1889.0,2020.0,1996.0,1572.0,1968.0,4394.0,24.0,0.0,0.0,0.0,2048.0,8.0,123.0,127.0,153.0,602.0,20220108T101411_20220108T101417_T33UUT,mellensee,52.17062861611675,13.410681878964734,"{""type"":""Point"",""coordinates"":[13.410681878964736,52.17062861611676]}"
195,127.0,696.0,1041.0,1069.0,922.0,1060.0,1019.0,1055.0,962.0,975.0,985.0,994.0,905.0,0.0,0.0,0.0,0.0,0.0,6.0,,7.0,2.0,1600.0,20221023T102029_20221023T102023_T32UQC,mellensee,52.17062861611675,13.410681878964734,"{""type"":""Point"",""coordinates"":[13.410681878964736,52.17062861611676]}"
196,204.0,1996.0,1190.0,1146.0,1166.0,1244.0,1556.0,1845.0,1966.0,1961.0,1640.0,1968.0,4328.0,24.0,0.0,0.0,0.0,2048.0,8.0,119.0,127.0,159.0,601.0,20220108T101411_20220108T101417_T32UQC,mellensee,52.17062861611675,13.410681878964734,"{""type"":""Point"",""coordinates"":[13.410681878964736,52.17062861611676]}"
197,162.0,8257.0,6522.0,6253.0,7880.0,7224.0,7000.0,7533.0,7334.0,7263.0,7192.0,7130.0,14141.0,100.0,0.0,0.0,0.0,0.0,9.0,255.0,255.0,255.0,2769.0,20220722T100559_20220722T101518_T33UUT,mellensee,52.17062861611675,13.410681878964734,"{""type"":""Point"",""coordinates"":[13.410681878964736,52.17062861611676]}"
198,120.0,1631.0,1396.0,1376.0,1735.0,1816.0,1617.0,1735.0,1652.0,1700.0,1712.0,1663.0,2180.0,0.0,0.0,0.0,0.0,0.0,10.0,75.0,83.0,63.0,909.0,20220923T101649_20220923T102037_T33UUT,mellensee,52.17062861611675,13.410681878964734,"{""type"":""Point"",""coordinates"":[13.410681878964736,52.17062861611676]}"
199,174.0,11730.0,7562.0,5972.0,10944.0,10128.0,9752.0,10515.0,9986.0,9916.0,9464.0,9631.0,14317.0,100.0,0.0,0.0,0.0,0.0,9.0,255.0,255.0,255.0,2529.0,20220801T100559_20220801T101518_T32UQC,mellensee,52.17062861611675,13.410681878964734,"{""type"":""Point"",""coordinates"":[13.410681878964736,52.17062861611676]}"
200,114.0,14132.0,7974.0,6483.0,12720.0,12048.0,11760.0,12422.0,11853.0,11606.0,11616.0,11344.0,15485.0,100.0,0.0,0.0,0.0,0.0,9.0,255.0,255.0,255.0,1511.0,20220829T101611_20220829T101634_T33UUT,mellensee,52.17062861611675,13.410681878964734,"{""type"":""Point"",""coordinates"":[13.410681878964736,52.17062861611676]}"
201,78.0,11497.0,7477.0,6420.0,11040.0,10392.0,10168.0,10534.0,10210.0,9967.0,10504.0,9757.0,16464.0,100.0,0.0,0.0,0.0,0.0,9.0,255.0,255.0,255.0,1266.0,20220715T101559_20220715T102249_T32UQC,mellensee,52.17062861611675,13.410681878964734,"{""type"":""Point"",""coordinates"":[13.410681878964736,52.17062861611676]}"
202,114.0,13997.0,7902.0,6399.0,12856.0,12104.0,11856.0,12300.0,11777.0,11544.0,11672.0,11296.0,14505.0,100.0,0.0,0.0,0.0,0.0,9.0,255.0,255.0,255.0,1404.0,20220829T101611_20220829T101634_T32UQC,mellensee,52.17062861611675,13.410681878964734,"{""type"":""Point"",""coordinates"":[13.410681878964736,52.17062861611676]}"
203,208.0,1461.0,1322.0,1309.0,1592.0,1704.0,1514.0,1587.0,1433.0,1456.0,1486.0,1431.0,2087.0,0.0,0.0,0.0,0.0,0.0,6.0,61.0,72.0,53.0,2441.0,20220804T101559_20220804T102126_T32UQC,mellensee,52.17062861611675,13.410681878964734,"{""type"":""Point"",""coordinates"":[13.410681878964736,52.17062861611676]}"
204,78.0,11476.0,7495.0,6454.0,11192.0,10480.0,10120.0,10519.0,10215.0,9978.0,10552.0,9774.0,16463.0,100.0,0.0,0.0,0.0,0.0,9.0,255.0,255.0,255.0,1249.0,20220715T101559_20220715T102249_T33UUT,mellensee,52.17062861611675,13.410681878964734,"{""type"":""Point"",""coordinates"":[13.410681878964736,52.17062861611676]}"
205,174.0,11603.0,7511.0,5918.0,11040.0,10200.0,9864.0,10477.0,9985.0,9899.0,9616.0,9623.0,13904.0,100.0,0.0,0.0,0.0,0.0,9.0,255.0,255.0,255.0,2484.0,20220801T100559_20220801T101518_T33UUT,mellensee,52.17062861611675,13.410681878964734,"{""type"":""Point"",""coordinates"":[13.410681878964736,52.17062861611676]}"
206,84.0,11305.0,6934.0,5720.0,10208.0,9640.0,9424.0,9759.0,9468.0,9368.0,9600.0,9249.0,15407.0,100.0,0.0,0.0,0.0,0.0,9.0,255.0,255.0,255.0,1238.0,20220710T101611_20220710T101820_T32UQC,mellensee,52.17062861611675,13.410681878964734,"{""type"":""Point"",""coordinates"":[13.410681878964736,52.17062861611676]}"
207,150.0,6256.0,3042.0,3085.0,6336.0,5828.0,5296.0,5601.0,5720.0,5698.0,6132.0,5561.0,15052.0,100.0,0.0,0.0,0.0,0.0,9.0,255.0,255.0,255.0,1646.0,20220821T100559_20220821T101507_T32UQC,mellensee,52.17062861611675,13.410681878964734,"{""type"":""Point"",""coordinates"":[13.410681878964736,52.17062861611676]}"
208,84.0,11278.0,7018.0,5809.0,9984.0,9456.0,9248.0,9877.0,9597.0,9465.0,9488.0,9366.0,15549.0,100.0,0.0,0.0,0.0,0.0,9.0,255.0,255.0,255.0,1250.0,20220710T101611_20220710T101820_T33UUT,mellensee,52.17062861611675,13.410681878964734,"{""type"":""Point"",""coordinates"":[13.410681878964736,52.17062861611676]}"
209,228.0,7496.0,5589.0,5234.0,6576.0,6052.0,5832.0,6431.0,6469.0,6558.0,6292.0,6531.0,9103.0,100.0,0.0,0.0,0.0,0.0,9.0,255.0,255.0,255.0,2079.0,20220913T101629_20220913T102609_T32UQC,mellensee,52.17062861611675,13.410681878964734,"{""type"":""Point"",""coordinates"":[13.410681878964736,52.17062861611676]}"
210,126.0,1590.0,1388.0,1376.0,1712.0,1788.0,1580.0,1711.0,1647.0,1686.0,1705.0,1654.0,2187.0,0.0,0.0,0.0,0.0,0.0,10.0,72.0,81.0,59.0,925.0,20220923T101649_20220923T102037_T32UQC,mellensee,52.17062861611675,13.410681878964734,"{""type"":""Point"",""coordinates"":[13.410681878964736,52.17062861611676]}"
211,66.0,1717.0,1311.0,1168.0,2114.0,1872.0,1594.0,1390.0,1332.0,1311.0,1941.0,1252.0,1397.0,0.0,0.0,0.0,0.0,0.0,6.0,114.0,89.0,61.0,603.0,20220222T101019_20220222T101425_T33UUT,mellensee,52.17062861611675,13.410681878964734,"{""type"":""Point"",""coordinates"":[13.410681878964736,52.17062861611676]}"
212,168.0,3333.0,3806.0,3680.0,3640.0,3666.0,3816.0,3967.0,3966.0,4004.0,4048.0,4065.0,3702.0,100.0,0.0,0.0,0.0,0.0,9.0,255.0,255.0,255.0,757.0,20220118T101341_20220118T101414_T32UQC,mellensee,52.17062861611675,13.410681878964734,"{""type"":""Point"",""coordinates"":[13.410681878964736,52.17062861611676]}"
213,54.0,3989.0,2285.0,2131.0,3786.0,3250.0,2976.0,2886.0,2825.0,2788.0,2892.0,2598.0,2647.0,0.0,0.0,0.0,0.0,0.0,6.0,255.0,229.0,201.0,667.0,20221209T101319_20221209T101321_T32UQC,mellensee,52.17062861611675,13.410681878964734,"{""type"":""Point"",""coordinates"":[13.410681878964736,52.17062861611676]}"
214,66.0,1807.0,1366.0,1202.0,1964.0,1634.0,1391.0,1453.0,1389.0,1361.0,1670.0,1294.0,1464.0,0.0,0.0,0.0,0.0,0.0,6.0,98.0,65.0,40.0,573.0,20220222T101019_20220222T101425_T32UQC,mellensee,52.17062861611675,13.410681878964734,"{""type"":""Point"",""coordinates"":[13.410681878964736,52.17062861611676]}"
215,227.0,7437.0,5600.0,5234.0,6636.0,6124.0,5860.0,6414.0,6469.0,6587.0,6336.0,6557.0,8734.0,100.0,0.0,0.0,0.0,0.0,9.0,255.0,255.0,255.0,1993.0,20220913T101629_20220913T102609_T33UUT,mellensee,52.17062861611675,13.410681878964734,"{""type"":""Point"",""coordinates"":[13.410681878964736,52.17062861611676]}"
216,324.0,11573.0,6178.0,5346.0,11744.0,11768.0,11872.0,12064.0,11728.0,11677.0,11872.0,11557.0,12588.0,100.0,0.0,0.0,0.0,0.0,9.0,255.0,255.0,255.0,999.0,20220620T102041_20220620T102035_T33UUT,mellensee,52.17062861611675,13.410681878964734,"{""type"":""Point"",""coordinates"":[13.410681878964736,52.17062861611676]}"
217,150.0,6279.0,3041.0,3085.0,6244.0,5804.0,5244.0,5598.0,5731.0,5686.0,6140.0,5572.0,15028.0,100.0,0.0,0.0,0.0,0.0,9.0,255.0,255.0,255.0,1645.0,20220821T100559_20220821T101507_T33UUT,mellensee,52.17062861611675,13.410681878964734,"{""type"":""Point"",""coordinates"":[13.410681878964736,52.17062861611676]}"
218,324.0,11546.0,6149.0,5330.0,11560.0,11584.0,11768.0,11977.0,11691.0,11644.0,11760.0,11543.0,12170.0,100.0,0.0,0.0,0.0,0.0,9.0,255.0,255.0,255.0,932.0,20220620T102041_20220620T102035_T32UQC,mellensee,52.17062861611675,13.410681878964734,"{""type"":""Point"",""coordinates"":[13.410681878964736,52.17062861611676]}"
219,126.0,1347.0,1331.0,1269.0,1418.0,1454.0,1342.0,1345.0,1359.0,1390.0,1422.0,1382.0,1578.0,0.0,0.0,0.0,0.0,0.0,6.0,43.0,47.0,35.0,820.0,20220413T100549_20220413T101101_T33UUT,mellensee,52.17062861611675,13.410681878964734,"{""type"":""Point"",""coordinates"":[13.410681878964736,52.17062861611676]}"
220,60.0,13943.0,3166.0,3620.0,13648.0,12992.0,12688.0,12589.0,12213.0,11850.0,12512.0,11625.0,16301.0,65.0,0.0,0.0,0.0,0.0,8.0,255.0,255.0,255.0,595.0,20221018T102031_20221018T102028_T33UUT,mellensee,52.17062861611675,13.410681878964734,"{""type"":""Point"",""coordinates"":[13.410681878964736,52.17062861611676]}"
221,60.0,13934.0,3164.0,3611.0,13872.0,13184.0,12832.0,12613.0,12203.0,11872.0,12720.0,11620.0,16297.0,65.0,0.0,0.0,0.0,0.0,8.0,255.0,255.0,255.0,608.0,20221018T102031_20221018T102028_T32UQC,mellensee,52.17062861611675,13.410681878964734,"{""type"":""Point"",""coordinates"":[13.410681878964736,52.17062861611676]}"
222,126.0,1338.0,1330.0,1272.0,1414.0,1482.0,1337.0,1342.0,1353.0,1386.0,1424.0,1384.0,1576.0,0.0,0.0,0.0,0.0,0.0,6.0,43.0,49.0,35.0,824.0,20220413T100549_20220413T101101_T32UQC,mellensee,52.17062861611675,13.410681878964734,"{""type"":""Point"",""coordinates"":[13.410681878964736,52.17062861611676]}"
223,66.0,9810.0,6918.0,6174.0,9792.0,9192.0,9040.0,9353.0,9219.0,9067.0,9688.0,8942.0,12238.0,100.0,0.0,0.0,0.0,0.0,9.0,255.0,255.0,255.0,588.0,20220408T100601_20220408T101253_T33UUT,mellensee,52.17062861611675,13.410681878964734,"{""type"":""Point"",""coordinates"":[13.410681878964736,52.17062861611676]}"
224,204.0,8439.0,6462.0,6932.0,4496.0,4368.0,4584.0,6345.0,6416.0,6564.0,4300.0,6922.0,8907.0,27.0,0.0,0.0,0.0,1024.0,8.0,255.0,255.0,255.0,429.0,20220111T102411_20220111T102424_T33UUT,mellensee,52.17062861611675,13.410681878964734,"{""type"":""Point"",""coordinates"":[13.410681878964736,52.17062861611676]}"
225,96.0,8505.0,5521.0,4899.0,7308.0,7224.0,7148.0,7681.0,7874.0,7982.0,7752.0,7991.0,12336.0,100.0,0.0,0.0,0.0,0.0,9.0,255.0,255.0,255.0,1246.0,20220915T100641_20220915T100915_T33UUT,mellensee,52.17062861611675,13.410681878964734,"{""type"":""Point"",""coordinates"":[13.410681878964736,52.17062861611676]}"
226,54.0,4111.0,2335.0,2198.0,3656.0,3144.0,2882.0,2984.0,2918.0,2851.0,2760.0,2659.0,2938.0,50.0,0.0,0.0,0.0,0.0,8.0,255.0,218.0,192.0,815.0,20221209T101319_20221209T101321_T33UUT,mellensee,52.17062861611675,13.410681878964734,"{""type"":""Point"",""coordinates"":[13.410681878964736,52.17062861611676]}"
227,114.0,2364.0,2274.0,2086.0,2196.0,2232.0,2256.0,2240.0,2399.0,2510.0,2468.0,2620.0,1455.0,0.0,0.0,0.0,0.0,0.0,10.0,122.0,126.0,128.0,,20221124T101341_20221124T101335_T32UQC,mellensee,52.17062861611675,13.410681878964734,"{""type"":""Point"",""coordinates"":[13.410681878964736,52.17062861611676]}"
228,114.0,2422.0,2320.0,2258.0,2188.0,2238.0,2282.0,2412.0,2496.0,2541.0,2494.0,2629.0,3307.0,0.0,0.0,0.0,0.0,0.0,10.0,121.0,126.0,131.0,838.0,20221124T101341_20221124T101335_T33UUT,mellensee,52.17062861611675,13.410681878964734,"{""type"":""Point"",""coordinates"":[13.410681878964736,52.17062861611676]}"
229,102.0,7280.0,4283.0,3439.0,6704.0,6424.0,6220.0,6674.0,6492.0,6365.0,6468.0,6340.0,13049.0,100.0,0.0,0.0,0.0,0.0,9.0,255.0,255.0,255.0,2006.0,20221015T101031_20221015T101542_T33UUT,mellensee,52.17062861611675,13.410681878964734,"{""type"":""Point"",""coordinates"":[13.410681878964736,52.17062861611676]}"
230,102.0,7364.0,4299.0,3458.0,6660.0,6340.0,6124.0,6695.0,6509.0,6392.0,6412.0,6337.0,13667.0,100.0,0.0,0.0,0.0,0.0,9.0,255.0,255.0,255.0,2067.0,20221015T101031_20221015T101542_T32UQC,mellensee,52.17062861611675,13.410681878964734,"{""type"":""Point"",""coordinates"":[13.410681878964736,52.17062861611676]}"
231,156.0,9234.0,6262.0,5912.0,8140.0,7900.0,7660.0,8279.0,8260.0,8148.0,7984.0,8031.0,16868.0,100.0,0.0,0.0,0.0,0.0,9.0,255.0,255.0,255.0,1149.0,20221013T101859_20221013T102100_T33UUT,mellensee,52.17062861611675,13.410681878964734,"{""type"":""Point"",""coordinates"":[13.410681878964736,52.17062861611676]}"
232,90.0,10783.0,3477.0,3893.0,10432.0,9936.0,9840.0,10196.0,9907.0,9707.0,10288.0,9422.0,16287.0,65.0,0.0,0.0,0.0,0.0,8.0,255.0,255.0,255.0,608.0,20220928T101811_20220928T102205_T32UQC,mellensee,52.17062861611675,13.410681878964734,"{""type"":""Point"",""coordinates"":[13.410681878964736,52.17062861611676]}"
233,90.0,10783.0,3476.0,3891.0,10456.0,9920.0,9864.0,10187.0,9900.0,9672.0,10304.0,9421.0,16280.0,65.0,0.0,0.0,0.0,0.0,8.0,255.0,255.0,255.0,630.0,20220928T101811_20220928T102205_T33UUT,mellensee,52.17062861611675,13.410681878964734,"{""type"":""Point"",""coordinates"":[13.410681878964736,52.17062861611676]}"
234,204.0,7053.0,3101.0,2053.0,6564.0,5816.0,5636.0,5918.0,5679.0,5649.0,5664.0,5415.0,7273.0,100.0,0.0,0.0,0.0,1024.0,9.0,255.0,255.0,255.0,1041.0,20220123T101219_20220123T101218_T33UUT,mellensee,52.17062861611675,13.410681878964734,"{""type"":""Point"",""coordinates"":[13.410681878964736,52.17062861611676]}"
235,96.0,8199.0,5540.0,4923.0,7600.0,7376.0,7236.0,7754.0,7923.0,7999.0,7884.0,7966.0,12657.0,100.0,0.0,0.0,0.0,0.0,9.0,255.0,255.0,255.0,1359.0,20220915T100641_20220915T100915_T32UQC,mellensee,52.17062861611675,13.410681878964734,"{""type"":""Point"",""coordinates"":[13.410681878964736,52.17062861611676]}"
236,132.0,7749.0,3275.0,3561.0,7328.0,7012.0,7064.0,7448.0,7221.0,7136.0,7512.0,6941.0,12001.0,65.0,0.0,0.0,0.0,0.0,8.0,255.0,255.0,255.0,498.0,20220131T102251_20220131T102247_T32UQC,mellensee,52.17062861611675,13.410681878964734,"{""type"":""Point"",""coordinates"":[13.410681878964736,52.17062861611676]}"
237,204.0,6617.0,3068.0,2038.0,6376.0,5792.0,5648.0,5781.0,5549.0,5531.0,5688.0,5331.0,7216.0,100.0,0.0,0.0,0.0,1024.0,9.0,255.0,255.0,255.0,1042.0,20220123T101219_20220123T101218_T32UQC,mellensee,52.17062861611675,13.410681878964734,"{""type"":""Point"",""coordinates"":[13.410681878964736,52.17062861611676]}"
238,60.0,6987.0,3528.0,3718.0,6900.0,6548.0,6436.0,6701.0,6585.0,6484.0,6736.0,6253.0,12560.0,100.0,0.0,0.0,0.0,0.0,9.0,255.0,255.0,255.0,772.0,20221222T102339_20221222T102340_T32UQC,mellensee,52.17062861611675,13.410681878964734,"{""type"":""Point"",""coordinates"":[13.410681878964736,52.17062861611676]}"
239,66.0,10080.0,6955.0,6244.0,9656.0,9136.0,9120.0,9399.0,9235.0,9097.0,9576.0,8996.0,13125.0,100.0,0.0,0.0,0.0,0.0,9.0,255.0,255.0,255.0,651.0,20220408T100601_20220408T101253_T32UQC,mellensee,52.17062861611675,13.410681878964734,"{""type"":""Point"",""coordinates"":[13.410681878964736,52.17062861611676]}"
240,126.0,6907.0,5161.0,4700.0,6324.0,5840.0,5864.0,6219.0,6074.0,5976.0,5872.0,5888.0,6546.0,100.0,0.0,0.0,0.0,0.0,9.0,255.0,255.0,255.0,607.0,20221217T102431_20221217T102432_T32UQC,mellensee,52.17062861611675,13.410681878964734,"{""type"":""Point"",""coordinates"":[13.410681878964736,52.17062861611676]}"
241,60.0,7025.0,3521.0,3706.0,6976.0,6472.0,6380.0,6665.0,6560.0,6501.0,6780.0,6241.0,11687.0,100.0,0.0,0.0,0.0,0.0,9.0,255.0,255.0,255.0,685.0,20221222T102339_20221222T102340_T33UUT,mellensee,52.17062861611675,13.410681878964734,"{""type"":""Point"",""coordinates"":[13.410681878964736,52.17062861611676]}"
242,156.0,9224.0,6230.0,5854.0,8020.0,7800.0,7700.0,8187.0,8173.0,8086.0,7972.0,7973.0,16855.0,100.0,0.0,0.0,0.0,0.0,9.0,255.0,255.0,255.0,1031.0,20221013T101859_20221013T102100_T32UQC,mellensee,52.17062861611675,13.410681878964734,"{""type"":""Point"",""coordinates"":[13.410681878964736,52.17062861611676]}"
243,132.0,7942.0,3285.0,3578.0,7352.0,7020.0,6992.0,7506.0,7277.0,7169.0,7488.0,6965.0,12769.0,65.0,0.0,0.0,0.0,0.0,8.0,255.0,255.0,255.0,550.0,20220131T102251_20220131T102247_T33UUT,mellensee,52.17062861611675,13.410681878964734,"{""type"":""Point"",""coordinates"":[13.410681878964736,52.17062861611676]}"
244,204.0,5552.0,1902.0,1123.0,4983.0,4094.0,3626.0,3791.0,3557.0,3466.0,3548.0,3389.0,3633.0,100.0,0.0,0.0,0.0,1024.0,9.0,255.0,255.0,255.0,940.0,20220101T102431_20220101T102607_T33UUT,mellensee,52.17062861611675,13.410681878964734,"{""type"":""Point"",""coordinates"":[13.410681878964736,52.17062861611676]}"
245,204.0,5518.0,1829.0,1062.0,5724.0,4664.0,4062.0,3765.0,3560.0,3460.0,4168.0,3414.0,2950.0,100.0,0.0,0.0,0.0,1024.0,9.0,255.0,255.0,255.0,808.0,20220101T102431_20220101T102607_T32UQC,mellensee,52.17062861611675,13.410681878964734,"{""type"":""Point"",""coordinates"":[13.410681878964736,52.17062861611676]}"
246,138.0,3474.0,3921.0,3735.0,3226.0,2700.0,2886.0,3307.0,3514.0,3803.0,3458.0,4151.0,3420.0,100.0,0.0,0.0,0.0,0.0,9.0,227.0,173.0,192.0,1396.0,20220707T100611_20220707T100651_T33UUT,mellensee,52.17062861611675,13.410681878964734,"{""type"":""Point"",""coordinates"":[13.410681878964736,52.17062861611676]}"
247,138.0,3538.0,4039.0,3839.0,3092.0,2892.0,3028.0,3474.0,3721.0,4038.0,3394.0,4347.0,3237.0,100.0,0.0,0.0,0.0,0.0,9.0,213.0,193.0,207.0,1262.0,20220707T100611_20220707T100651_T32UQC,mellensee,52.17062861611675,13.410681878964734,"{""type"":""Point"",""coordinates"":[13.410681878964736,52.17062861611676]}"
248,60.0,10864.0,4224.0,4579.0,10080.0,9600.0,9512.0,9733.0,9413.0,9189.0,9456.0,8985.0,14791.0,65.0,0.0,0.0,0.0,0.0,8.0,255.0,255.0,255.0,533.0,20221117T102311_20221117T102350_T33UUT,mellensee,52.17062861611675,13.410681878964734,"{""type"":""Point"",""coordinates"":[13.410681878964736,52.17062861611676]}"
249,60.0,10879.0,4241.0,4653.0,9968.0,9528.0,9416.0,9855.0,9476.0,9218.0,9544.0,9022.0,16251.0,65.0,0.0,0.0,0.0,0.0,8.0,255.0,255.0,255.0,695.0,20221117T102311_20221117T102350_T32UQC,mellensee,52.17062861611675,13.410681878964734,"{""type"":""Point"",""coordinates"":[13.410681878964736,52.17062861611676]}"
250,60.0,7732.0,4205.0,3452.0,7200.0,6440.0,6152.0,6243.0,5986.0,5863.0,5960.0,5693.0,6969.0,100.0,0.0,0.0,0.0,0.0,9.0,255.0,255.0,255.0,1002.0,20220126T102209_20220126T102209_T33UUT,mellensee,52.17062861611675,13.410681878964734,"{""type"":""Point"",""coordinates"":[13.410681878964736,52.17062861611676]}"
251,204.0,5265.0,5659.0,6102.0,4672.0,5236.0,6084.0,5056.0,5249.0,5399.0,5724.0,5868.0,6684.0,38.0,0.0,0.0,0.0,1024.0,8.0,255.0,255.0,255.0,356.0,20220111T102411_20220111T102424_T32UQC,mellensee,52.17062861611675,13.410681878964734,"{""type"":""Point"",""coordinates"":[13.410681878964736,52.17062861611676]}"
252,126.0,6817.0,5235.0,4816.0,6324.0,5948.0,6024.0,6287.0,6127.0,6059.0,5980.0,5937.0,6669.0,100.0,0.0,0.0,0.0,0.0,9.0,255.0,255.0,255.0,627.0,20221217T102431_20221217T102432_T33UUT,mellensee,52.17062861611675,13.410681878964734,"{""type"":""Point"",""coordinates"":[13.410681878964736,52.17062861611676]}"
253,60.0,5249.0,4170.0,3970.0,4944.0,4704.0,4728.0,4989.0,4976.0,4987.0,5140.0,5063.0,6614.0,100.0,0.0,0.0,0.0,0.0,9.0,255.0,255.0,255.0,502.0,20221207T102411_20221207T102411_T33UUT,mellensee,52.17062861611675,13.410681878964734,"{""type"":""Point"",""coordinates"":[13.410681878964736,52.17062861611676]}"
254,114.0,8315.0,5360.0,4746.0,7684.0,7312.0,7056.0,7187.0,7139.0,7189.0,7300.0,7141.0,8082.0,100.0,0.0,0.0,0.0,0.0,9.0,255.0,255.0,255.0,750.0,20220406T101559_20220406T102115_T32UQC,mellensee,52.17062861611675,13.410681878964734,"{""type"":""Point"",""coordinates"":[13.410681878964736,52.17062861611676]}"
255,60.0,7668.0,4191.0,3372.0,7064.0,6360.0,6080.0,6075.0,5899.0,5852.0,5984.0,5725.0,5011.0,100.0,0.0,0.0,0.0,0.0,9.0,255.0,255.0,255.0,568.0,20220126T102209_20220126T102209_T32UQC,mellensee,52.17062861611675,13.410681878964734,"{""type"":""Point"",""coordinates"":[13.410681878964736,52.17062861611676]}"
256,108.0,5980.0,1521.0,1669.0,5572.0,5048.0,4808.0,4872.0,4693.0,4582.0,4584.0,4480.0,6129.0,50.0,0.0,0.0,0.0,0.0,8.0,255.0,255.0,255.0,1046.0,20221202T102309_20221202T102311_T33UUT,mellensee,52.17062861611675,13.410681878964734,"{""type"":""Point"",""coordinates"":[13.410681878964736,52.17062861611676]}"
257,60.0,2859.0,2031.0,2045.0,2936.0,2946.0,2842.0,2919.0,2910.0,2867.0,3254.0,2900.0,3684.0,65.0,0.0,0.0,0.0,0.0,8.0,197.0,198.0,188.0,233.0,20221214T101431_20221214T101426_T33UUT,mellensee,52.17062861611675,13.410681878964734,"{""type"":""Point"",""coordinates"":[13.410681878964736,52.17062861611676]}"
258,108.0,6061.0,1522.0,1665.0,5596.0,5064.0,4820.0,4886.0,4685.0,4588.0,4580.0,4457.0,6030.0,50.0,0.0,0.0,0.0,0.0,8.0,255.0,255.0,255.0,1027.0,20221202T102309_20221202T102311_T32UQC,mellensee,52.17062861611675,13.410681878964734,"{""type"":""Point"",""coordinates"":[13.410681878964736,52.17062861611676]}"
259,60.0,4954.0,4066.0,3645.0,4680.0,4540.0,4668.0,4586.0,4741.0,4875.0,4996.0,5017.0,2726.0,100.0,0.0,0.0,0.0,0.0,9.0,255.0,255.0,255.0,,20221207T102411_20221207T102411_T32UQC,mellensee,52.17062861611675,13.410681878964734,"{""type"":""Point"",""coordinates"":[13.410681878964736,52.17062861611676]}"
260,60.0,6394.0,2608.0,2666.0,6112.0,5948.0,5864.0,5690.0,5844.0,5899.0,6236.0,5960.0,3452.0,0.0,62.0,0.0,0.0,0.0,10.0,255.0,255.0,255.0,,20220220T102051_20220220T102046_T33UUT,mellensee,52.17062861611675,13.410681878964734,"{""type"":""Point"",""coordinates"":[13.410681878964736,52.17062861611676]}"
261,54.0,7033.0,5963.0,4999.0,7108.0,6756.0,6548.0,6305.0,6394.0,6472.0,7076.0,6521.0,3604.0,100.0,0.0,0.0,0.0,0.0,9.0,255.0,255.0,255.0,,20220304T101019_20220304T101238_T33UUT,mellensee,52.17062861611675,13.410681878964734,"{""type"":""Point"",""coordinates"":[13.410681878964736,52.17062861611676]}"
262,60.0,6382.0,2656.0,2852.0,6152.0,5904.0,5876.0,6091.0,6078.0,5976.0,6236.0,5969.0,8107.0,0.0,62.0,0.0,0.0,0.0,10.0,255.0,255.0,255.0,501.0,20220220T102051_20220220T102046_T32UQC,mellensee,52.17062861611675,13.410681878964734,"{""type"":""Point"",""coordinates"":[13.410681878964736,52.17062861611676]}"
263,54.0,6777.0,6051.0,5380.0,7136.0,6748.0,6580.0,6736.0,6606.0,6471.0,7120.0,6411.0,9345.0,100.0,0.0,0.0,0.0,0.0,9.0,255.0,255.0,255.0,701.0,20220304T101019_20220304T101238_T32UQC,mellensee,52.17062861611675,13.410681878964734,"{""type"":""Point"",""coordinates"":[13.410681878964736,52.17062861611676]}"
264,204.0,13856.0,4367.0,4090.0,9896.0,9144.0,8656.0,9361.0,9340.0,9504.0,8992.0,9278.0,5019.0,100.0,0.0,0.0,0.0,1024.0,9.0,255.0,255.0,255.0,,20220113T101259_20220113T101258_T32UQC,mellensee,52.17062861611675,13.410681878964734,"{""type"":""Point"",""coordinates"":[13.410681878964736,52.17062861611676]}"
265,204.0,13845.0,4373.0,4075.0,9848.0,9152.0,8736.0,9383.0,9325.0,9497.0,8912.0,9271.0,5013.0,100.0,0.0,0.0,0.0,1024.0,9.0,255.0,255.0,255.0,,20220113T101259_20220113T101258_T33UUT,mellensee,52.17062861611675,13.410681878964734,"{""type"":""Point"",""coordinates"":[13.410681878964736,52.17062861611676]}"
266,114.0,6518.0,5191.0,4375.0,6396.0,6316.0,6416.0,6220.0,6442.0,6737.0,6928.0,6833.0,3231.0,100.0,0.0,0.0,0.0,0.0,9.0,255.0,255.0,255.0,,20220406T101559_20220406T102115_T33UUT,mellensee,52.17062861611675,13.410681878964734,"{""type"":""Point"",""coordinates"":[13.410681878964736,52.17062861611676]}"
267,630.0,11043.0,7907.0,5617.0,9624.0,9712.0,9968.0,10656.0,10920.0,11491.0,9808.0,11704.0,2440.0,100.0,0.0,0.0,0.0,0.0,9.0,255.0,255.0,255.0,,20220819T101611_20220819T101610_T32UQC,mellensee,52.17062861611675,13.410681878964734,"{""type"":""Point"",""coordinates"":[13.410681878964736,52.17062861611676]}"
268,204.0,8442.0,3717.0,3494.0,6564.0,6024.0,5796.0,6135.0,6110.0,6333.0,6060.0,6280.0,2640.0,100.0,0.0,0.0,0.0,1024.0,9.0,255.0,255.0,255.0,,20220116T102249_20220116T102251_T33UUT,mellensee,52.17062861611675,13.410681878964734,"{""type"":""Point"",""coordinates"":[13.410681878964736,52.17062861611676]}"
269,204.0,5914.0,3679.0,3465.0,5460.0,5304.0,5392.0,5332.0,5483.0,5779.0,5884.0,5861.0,2420.0,100.0,0.0,0.0,0.0,1024.0,9.0,255.0,255.0,255.0,,20220116T102249_20220116T102251_T32UQC,mellensee,52.17062861611675,13.410681878964734,"{""type"":""Point"",""coordinates"":[13.410681878964736,52.17062861611676]}"
270,629.0,11179.0,7716.0,5555.0,9560.0,9592.0,9920.0,10261.0,10713.0,11425.0,9752.0,11683.0,2251.0,100.0,0.0,0.0,0.0,0.0,9.0,255.0,255.0,255.0,,20220819T101611_20220819T101610_T33UUT,mellensee,52.17062861611675,13.410681878964734,"{""type"":""Point"",""coordinates"":[13.410681878964736,52.17062861611676]}"
271,264.0,7721.0,3771.0,3884.0,7588.0,7700.0,7712.0,7950.0,8094.0,8153.0,8424.0,8160.0,5881.0,65.0,0.0,0.0,0.0,0.0,8.0,255.0,255.0,255.0,,20220317T101649_20220317T101649_T32UQC,mellensee,52.17062861611675,13.410681878964734,"{""type"":""Point"",""coordinates"":[13.410681878964736,52.17062861611676]}"
272,258.0,7664.0,3744.0,3873.0,7608.0,7720.0,7728.0,7871.0,8029.0,8082.0,8392.0,8097.0,5822.0,65.0,0.0,0.0,0.0,0.0,8.0,255.0,255.0,255.0,,20220317T101649_20220317T101649_T33UUT,mellensee,52.17062861611675,13.410681878964734,"{""type"":""Point"",""coordinates"":[13.410681878964736,52.17062861611676]}"
273,96.0,3123.0,2541.0,2394.0,3120.0,3150.0,3054.0,3053.0,3253.0,3367.0,3576.0,3451.0,2440.0,65.0,0.0,0.0,0.0,0.0,8.0,216.0,219.0,209.0,,20220401T101601_20220401T102530_T32UQC,mellensee,52.17062861611675,13.410681878964734,"{""type"":""Point"",""coordinates"":[13.410681878964736,52.17062861611676]}"
274,96.0,3133.0,2543.0,2392.0,3094.0,3156.0,3046.0,3046.0,3253.0,3369.0,3558.0,3444.0,2436.0,65.0,0.0,0.0,0.0,0.0,8.0,213.0,220.0,208.0,,20220401T101601_20220401T102530_T33UUT,mellensee,52.17062861611675,13.410681878964734,"{""type"":""Point"",""coordinates"":[13.410681878964736,52.17062861611676]}"
275,114.0,9556.0,4845.0,4044.0,9552.0,9592.0,9840.0,9407.0,9566.0,9796.0,10008.0,9923.0,4133.0,100.0,4.0,0.0,0.0,0.0,9.0,255.0,255.0,255.0,,20220421T101601_20220421T102238_T32UQC,mellensee,52.17062861611675,13.410681878964734,"{""type"":""Point"",""coordinates"":[13.410681878964736,52.17062861611676]}"
276,114.0,9525.0,4842.0,4047.0,9560.0,9576.0,9792.0,9406.0,9553.0,9779.0,10016.0,9912.0,4110.0,100.0,4.0,0.0,0.0,0.0,9.0,255.0,255.0,255.0,,20220421T101601_20220421T102238_T33UUT,mellensee,52.17062861611675,13.410681878964734,"{""type"":""Point"",""coordinates"":[13.410681878964736,52.17062861611676]}"
277,288.0,9665.0,2713.0,2890.0,9352.0,9336.0,9464.0,9377.0,9468.0,9497.0,9688.0,9382.0,5639.0,65.0,0.0,0.0,0.0,0.0,8.0,255.0,255.0,255.0,,20220908T102031_20220908T102052_T32UQC,mellensee,52.17062861611675,13.410681878964734,"{""type"":""Point"",""coordinates"":[13.410681878964736,52.17062861611676]}"
278,288.0,9672.0,2711.0,2890.0,9352.0,9344.0,9448.0,9374.0,9451.0,9503.0,9664.0,9378.0,5639.0,65.0,0.0,0.0,0.0,0.0,8.0,255.0,255.0,255.0,,20220908T102031_20220908T102052_T33UUT,mellensee,52.17062861611675,13.410681878964734,"{""type"":""Point"",""coordinates"":[13.410681878964736,52.17062861611676]}"
279,78.0,7798.0,4062.0,3891.0,7544.0,7352.0,7364.0,7014.0,7092.0,7211.0,7728.0,7222.0,4115.0,100.0,0.0,0.0,0.0,0.0,9.0,255.0,255.0,255.0,,20221104T101211_20221104T101209_T32UQC,mellensee,52.17062861611675,13.410681878964734,"{""type"":""Point"",""coordinates"":[13.410681878964736,52.17062861611676]}"
