system:index,AOT,B1,B11,B12,B2,B3,B4,B5,B6,B7,B8,B8A,B9,QA10,QA20,QA60,SCL,TCI_B,TCI_G,TCI_R,WVP,id,lake,lat,lon,.geo
0,118.0,2864.0,864.0,832.0,2975.0,2867.0,2915.0,3036.0,2868.0,2849.0,2892.0,2758.0,2513.0,0.0,0.0,0.0,9.0,255.0,255.0,255.0,548.0,20180213T101119_20180213T101559_T33UUT,Paeter_VorderSee,52.233631730992876,13.653728766846024,"{""type"":""Point"",""coordinates"":[13.653728766846022,52.233631730992876]}"
1,118.0,1.0,1.0,1.0,80.0,10.0,1.0,1.0,1.0,1.0,1.0,1.0,1.0,0.0,0.0,0.0,6.0,8.0,1.0,,304.0,20180206T102209_20180206T102206_T33UUT,Paeter_VorderSee,52.233631730992876,13.653728766846024,"{""type"":""Point"",""coordinates"":[13.653728766846022,52.233631730992876]}"
2,112.0,1.0,1.0,1.0,20.0,1.0,6.0,1.0,1.0,1.0,1.0,1.0,1.0,0.0,0.0,0.0,6.0,2.0,,,277.0,20180206T102209_20180206T102206_T33UVT,Paeter_VorderSee,52.233631730992876,13.653728766846024,"{""type"":""Point"",""coordinates"":[13.653728766846022,52.233631730992876]}"
3,118.0,81.0,23.0,25.0,172.0,155.0,135.0,125.0,35.0,42.0,32.0,12.0,1.0,0.0,0.0,0.0,6.0,18.0,16.0,14.0,1181.0,20181014T102019_20181014T102019_T33UVT,Paeter_VorderSee,52.233631730992876,13.653728766846024,"{""type"":""Point"",""coordinates"":[13.653728766846022,52.233631730992876]}"
4,112.0,334.0,79.0,63.0,308.0,234.0,177.0,175.0,162.0,160.0,155.0,141.0,55.0,0.0,0.0,0.0,6.0,31.0,23.0,18.0,613.0,20180216T102059_20180216T102601_T33UVT,Paeter_VorderSee,52.233631730992876,13.653728766846024,"{""type"":""Point"",""coordinates"":[13.653728766846022,52.233631730992876]}"
5,119.0,67.0,22.0,24.0,167.0,153.0,135.0,125.0,37.0,46.0,35.0,12.0,,0.0,0.0,0.0,6.0,17.0,15.0,13.0,1095.0,20181014T102019_20181014T102019_T33UUT,Paeter_VorderSee,52.233631730992876,13.653728766846024,"{""type"":""Point"",""coordinates"":[13.653728766846022,52.233631730992876]}"
6,101.0,76.0,42.0,32.0,186.0,159.0,96.0,139.0,56.0,62.0,59.0,59.0,2.0,0.0,0.0,0.0,6.0,19.0,16.0,9.0,934.0,20181011T101019_20181011T101020_T33UVT,Paeter_VorderSee,52.233631730992876,13.653728766846024,"{""type"":""Point"",""coordinates"":[13.653728766846022,52.233631730992876]}"
7,113.0,23.0,34.0,29.0,146.0,130.0,77.0,112.0,27.0,35.0,35.0,39.0,,0.0,0.0,0.0,6.0,15.0,14.0,8.0,786.0,20181011T101019_20181011T101020_T33UUT,Paeter_VorderSee,52.233631730992876,13.653728766846024,"{""type"":""Point"",""coordinates"":[13.653728766846022,52.233631730992876]}"
8,142.0,226.0,177.0,105.0,274.0,311.0,220.0,239.0,232.0,231.0,239.0,239.0,223.0,0.0,0.0,0.0,6.0,27.0,31.0,22.0,965.0,20180409T101031_20180409T101343_T33UVT,Paeter_VorderSee,52.233631730992876,13.653728766846024,"{""type"":""Point"",""coordinates"":[13.653728766846022,52.233631730992876]}"
9,160.0,300.0,32.0,16.0,385.0,705.0,300.0,224.0,80.0,74.0,47.0,45.0,1.0,0.0,0.0,0.0,6.0,40.0,72.0,31.0,2507.0,20180731T102021_20180731T102024_T33UVT,Paeter_VorderSee,52.233631730992876,13.653728766846024,"{""type"":""Point"",""coordinates"":[13.653728766846022,52.233631730992876]}"
10,112.0,209.0,74.0,50.0,268.0,496.0,201.0,167.0,81.0,89.0,72.0,70.0,48.0,0.0,0.0,0.0,6.0,28.0,51.0,20.0,1742.0,20180807T101021_20180807T101024_T33UVT,Paeter_VorderSee,52.233631730992876,13.653728766846024,"{""type"":""Point"",""coordinates"":[13.653728766846022,52.233631730992876]}"
11,118.0,123.0,1.0,18.0,103.0,84.0,71.0,51.0,1.0,9.0,2.0,4.0,,0.0,0.0,0.0,6.0,11.0,9.0,8.0,477.0,20181128T102351_20181128T102346_T33UUT,Paeter_VorderSee,52.233631730992876,13.653728766846024,"{""type"":""Point"",""coordinates"":[13.653728766846022,52.233631730992876]}"
12,89.0,219.0,6.0,24.0,185.0,151.0,122.0,110.0,57.0,68.0,54.0,51.0,1.0,0.0,0.0,0.0,6.0,19.0,16.0,13.0,478.0,20181128T102351_20181128T102346_T33UVT,Paeter_VorderSee,52.233631730992876,13.653728766846024,"{""type"":""Point"",""coordinates"":[13.653728766846022,52.233631730992876]}"
13,71.0,18.0,35.0,31.0,155.0,194.0,109.0,91.0,42.0,44.0,41.0,29.0,6.0,0.0,0.0,0.0,6.0,17.0,20.0,12.0,1106.0,20180703T101029_20180703T101023_T33UVT,Paeter_VorderSee,52.233631730992876,13.653728766846024,"{""type"":""Point"",""coordinates"":[13.653728766846022,52.233631730992876]}"
14,83.0,134.0,149.0,148.0,327.0,450.0,323.0,309.0,187.0,196.0,187.0,164.0,139.0,0.0,0.0,0.0,6.0,33.0,45.0,32.0,1121.0,20180507T102019_20180507T102022_T33UVT,Paeter_VorderSee,52.233631730992876,13.653728766846024,"{""type"":""Point"",""coordinates"":[13.653728766846022,52.233631730992876]}"
15,83.0,216.0,41.0,35.0,167.0,51.0,68.0,100.0,34.0,53.0,37.0,13.0,4.0,0.0,0.0,0.0,6.0,18.0,7.0,7.0,902.0,20181205T101401_20181205T101359_T33UVT,Paeter_VorderSee,52.233631730992876,13.653728766846024,"{""type"":""Point"",""coordinates"":[13.653728766846022,52.233631730992876]}"
16,142.0,72.0,175.0,104.0,197.0,279.0,213.0,233.0,224.0,223.0,235.0,235.0,216.0,0.0,0.0,0.0,6.0,20.0,28.0,21.0,963.0,20180409T101031_20180409T101343_T33UUT,Paeter_VorderSee,52.233631730992876,13.653728766846024,"{""type"":""Point"",""coordinates"":[13.653728766846022,52.233631730992876]}"
17,118.0,197.0,37.0,27.0,156.0,217.0,124.0,112.0,59.0,47.0,36.0,31.0,30.0,0.0,0.0,0.0,6.0,15.0,23.0,12.0,1702.0,20180529T101031_20180529T101225_T33UVT,Paeter_VorderSee,52.233631730992876,13.653728766846024,"{""type"":""Point"",""coordinates"":[13.653728766846022,52.233631730992876]}"
18,77.0,125.0,150.0,147.0,322.0,446.0,322.0,306.0,186.0,198.0,191.0,168.0,133.0,0.0,0.0,0.0,6.0,32.0,45.0,32.0,1034.0,20180507T102019_20180507T102022_T33UUT,Paeter_VorderSee,52.233631730992876,13.653728766846024,"{""type"":""Point"",""coordinates"":[13.653728766846022,52.233631730992876]}"
19,207.0,10.0,74.0,50.0,111.0,314.0,205.0,238.0,137.0,134.0,127.0,107.0,114.0,0.0,0.0,0.0,6.0,11.0,32.0,20.0,1393.0,20180419T101031_20180419T101457_T33UUT,Paeter_VorderSee,52.233631730992876,13.653728766846024,"{""type"":""Point"",""coordinates"":[13.653728766846022,52.233631730992876]}"
20,65.0,100.0,88.0,85.0,285.0,373.0,251.0,221.0,147.0,175.0,155.0,140.0,115.0,0.0,0.0,0.0,6.0,29.0,38.0,25.0,863.0,20180514T101029_20180514T101052_T33UVT,Paeter_VorderSee,52.233631730992876,13.653728766846024,"{""type"":""Point"",""coordinates"":[13.653728766846022,52.233631730992876]}"
21,207.0,19.0,41.0,42.0,15.0,169.0,67.0,61.0,1.0,1.0,1.0,1.0,,0.0,0.0,0.0,6.0,2.0,18.0,7.0,2481.0,20180919T102021_20180919T102018_T33UUT,Paeter_VorderSee,52.233631730992876,13.653728766846024,"{""type"":""Point"",""coordinates"":[13.653728766846022,52.233631730992876]}"
22,153.0,1.0,34.0,31.0,68.0,227.0,108.0,100.0,37.0,39.0,28.0,29.0,19.0,0.0,0.0,0.0,6.0,7.0,24.0,11.0,1843.0,20180822T101019_20180822T101321_T33UUT,Paeter_VorderSee,52.233631730992876,13.653728766846024,"{""type"":""Point"",""coordinates"":[13.653728766846022,52.233631730992876]}"
23,219.0,176.0,52.0,42.0,175.0,271.0,124.0,96.0,28.0,25.0,6.0,13.0,13.0,0.0,0.0,0.0,6.0,16.0,28.0,13.0,2079.0,20180817T101021_20180817T101024_T33UVT,Paeter_VorderSee,52.233631730992876,13.653728766846024,"{""type"":""Point"",""coordinates"":[13.653728766846022,52.233631730992876]}"
24,79.0,24.0,85.0,86.0,240.0,348.0,240.0,217.0,131.0,156.0,136.0,121.0,160.0,0.0,0.0,0.0,6.0,24.0,35.0,24.0,1273.0,20180514T101029_20180514T101052_T33UUT,Paeter_VorderSee,52.233631730992876,13.653728766846024,"{""type"":""Point"",""coordinates"":[13.653728766846022,52.233631730992876]}"
25,154.0,306.0,88.0,56.0,303.0,410.0,250.0,286.0,200.0,196.0,187.0,166.0,194.0,0.0,0.0,0.0,6.0,30.0,41.0,25.0,1558.0,20180419T101031_20180419T101457_T33UVT,Paeter_VorderSee,52.233631730992876,13.653728766846024,"{""type"":""Point"",""coordinates"":[13.653728766846022,52.233631730992876]}"
26,201.0,236.0,94.0,70.0,335.0,327.0,222.0,254.0,170.0,167.0,140.0,144.0,93.0,0.0,0.0,0.0,6.0,34.0,33.0,22.0,591.0,20180325T101019_20180325T101511_T33UVT,Paeter_VorderSee,52.233631730992876,13.653728766846024,"{""type"":""Point"",""coordinates"":[13.653728766846022,52.233631730992876]}"
27,195.0,254.0,23.0,13.0,344.0,683.0,278.0,199.0,36.0,24.0,1.0,1.0,1.0,0.0,0.0,0.0,6.0,34.0,71.0,30.0,2608.0,20180731T102021_20180731T102024_T33UUT,Paeter_VorderSee,52.233631730992876,13.653728766846024,"{""type"":""Point"",""coordinates"":[13.653728766846022,52.233631730992876]}"
28,166.0,293.0,24.0,19.0,475.0,486.0,396.0,351.0,285.0,228.0,292.0,218.0,98.0,0.0,0.0,0.0,6.0,48.0,49.0,40.0,219.0,20180303T102021_20180303T102019_T33UVT,Paeter_VorderSee,52.233631730992876,13.653728766846024,"{""type"":""Point"",""coordinates"":[13.653728766846022,52.233631730992876]}"
29,118.0,14.0,37.0,27.0,96.0,191.0,118.0,106.0,48.0,35.0,28.0,23.0,64.0,0.0,0.0,0.0,6.0,10.0,20.0,12.0,2158.0,20180529T101031_20180529T101225_T33UUT,Paeter_VorderSee,52.233631730992876,13.653728766846024,"{""type"":""Point"",""coordinates"":[13.653728766846022,52.233631730992876]}"
30,156.0,43.0,56.0,42.0,207.0,458.0,164.0,107.0,1.0,1.0,1.0,1.0,,0.0,0.0,0.0,6.0,22.0,47.0,17.0,1996.0,20180807T101021_20180807T101024_T33UUT,Paeter_VorderSee,52.233631730992876,13.653728766846024,"{""type"":""Point"",""coordinates"":[13.653728766846022,52.233631730992876]}"
31,118.0,2797.0,869.0,836.0,2945.0,2857.0,2915.0,3047.0,2894.0,2871.0,2917.0,2780.0,2623.0,0.0,0.0,0.0,9.0,255.0,255.0,255.0,577.0,20180213T101119_20180213T101559_T33UVT,Paeter_VorderSee,52.233631730992876,13.653728766846024,"{""type"":""Point"",""coordinates"":[13.653728766846022,52.233631730992876]}"
32,165.0,2403.0,2245.0,2299.0,1304.0,1342.0,1713.0,1755.0,1832.0,2066.0,1547.0,2294.0,4093.0,0.0,0.0,0.0,8.0,133.0,136.0,174.0,561.0,20180114T101349_20180114T101347_T33UUT,Paeter_VorderSee,52.233631730992876,13.653728766846024,"{""type"":""Point"",""coordinates"":[13.653728766846022,52.233631730992876]}"
33,112.0,279.0,79.0,63.0,284.0,225.0,178.0,176.0,161.0,160.0,155.0,141.0,63.0,0.0,0.0,0.0,6.0,28.0,22.0,18.0,638.0,20180216T102059_20180216T102601_T33UUT,Paeter_VorderSee,52.233631730992876,13.653728766846024,"{""type"":""Point"",""coordinates"":[13.653728766846022,52.233631730992876]}"
34,142.0,170.0,60.0,52.0,140.0,260.0,139.0,132.0,68.0,80.0,62.0,58.0,1.0,0.0,0.0,0.0,6.0,15.0,27.0,15.0,2493.0,20180919T102021_20180919T102018_T33UVT,Paeter_VorderSee,52.233631730992876,13.653728766846024,"{""type"":""Point"",""coordinates"":[13.653728766846022,52.233631730992876]}"
35,100.0,132.0,52.0,50.0,239.0,264.0,149.0,134.0,116.0,83.0,94.0,79.0,76.0,0.0,0.0,0.0,6.0,24.0,26.0,15.0,1123.0,20180522T102031_20180522T102025_T33UUT,Paeter_VorderSee,52.233631730992876,13.653728766846024,"{""type"":""Point"",""coordinates"":[13.653728766846022,52.233631730992876]}"
36,112.0,210.0,50.0,49.0,241.0,263.0,146.0,130.0,107.0,74.0,86.0,72.0,51.0,0.0,0.0,0.0,6.0,24.0,26.0,14.0,1029.0,20180522T102031_20180522T102025_T33UVT,Paeter_VorderSee,52.233631730992876,13.653728766846024,"{""type"":""Point"",""coordinates"":[13.653728766846022,52.233631730992876]}"
37,59.0,132.0,61.0,46.0,218.0,233.0,148.0,159.0,101.0,110.0,106.0,86.0,61.0,0.0,0.0,0.0,6.0,22.0,23.0,15.0,362.0,20180407T102019_20180407T102020_T33UVT,Paeter_VorderSee,52.233631730992876,13.653728766846024,"{""type"":""Point"",""coordinates"":[13.653728766846022,52.233631730992876]}"
38,77.0,1.0,35.0,30.0,108.0,171.0,101.0,85.0,33.0,38.0,31.0,21.0,9.0,0.0,0.0,0.0,6.0,11.0,18.0,11.0,1068.0,20180703T101029_20180703T101023_T33UUT,Paeter_VorderSee,52.233631730992876,13.653728766846024,"{""type"":""Point"",""coordinates"":[13.653728766846022,52.233631730992876]}"
39,83.0,46.0,74.0,45.0,156.0,274.0,193.0,207.0,144.0,145.0,135.0,131.0,79.0,0.0,0.0,0.0,6.0,15.0,27.0,19.0,1725.0,20180429T101031_20180429T101258_T33UUT,Paeter_VorderSee,52.233631730992876,13.653728766846024,"{""type"":""Point"",""coordinates"":[13.653728766846022,52.233631730992876]}"
40,136.0,292.0,475.0,347.0,393.0,520.0,443.0,502.0,510.0,533.0,591.0,527.0,1167.0,0.0,0.0,2048.0,10.0,40.0,53.0,45.0,1319.0,20180422T102031_20180422T102115_T33UUT,Paeter_VorderSee,52.233631730992876,13.653728766846024,"{""type"":""Point"",""coordinates"":[13.653728766846022,52.233631730992876]}"
41,65.0,1.0,10.0,15.0,69.0,56.0,56.0,39.0,,1.0,5.0,,,0.0,0.0,0.0,6.0,7.0,6.0,6.0,855.0,20181031T101139_20181031T101140_T33UVT,Paeter_VorderSee,52.233631730992876,13.653728766846024,"{""type"":""Point"",""coordinates"":[13.653728766846022,52.233631730992876]}"
42,154.0,1.0,34.0,30.0,97.0,242.0,114.0,106.0,42.0,42.0,30.0,32.0,5.0,0.0,0.0,0.0,6.0,10.0,25.0,12.0,1958.0,20180822T101019_20180822T101321_T33UVT,Paeter_VorderSee,52.233631730992876,13.653728766846024,"{""type"":""Point"",""coordinates"":[13.653728766846022,52.233631730992876]}"
43,111.0,116.0,146.0,139.0,275.0,378.0,271.0,270.0,195.0,203.0,196.0,175.0,219.0,0.0,0.0,0.0,6.0,28.0,39.0,28.0,1579.0,20180606T102019_20180606T102512_T33UUT,Paeter_VorderSee,52.233631730992876,13.653728766846024,"{""type"":""Point"",""coordinates"":[13.653728766846022,52.233631730992876]}"
44,88.0,745.0,292.0,368.0,538.0,648.0,392.0,338.0,321.0,356.0,383.0,383.0,1072.0,0.0,0.0,0.0,3.0,55.0,65.0,39.0,1993.0,20180726T102019_20180726T102150_T33UUT,Paeter_VorderSee,52.233631730992876,13.653728766846024,"{""type"":""Point"",""coordinates"":[13.653728766846022,52.233631730992876]}"
45,248.0,1.0,76.0,62.0,147.0,218.0,163.0,186.0,94.0,94.0,79.0,84.0,18.0,0.0,0.0,0.0,6.0,14.0,22.0,16.0,618.0,20180325T101019_20180325T101511_T33UUT,Paeter_VorderSee,52.233631730992876,13.653728766846024,"{""type"":""Point"",""coordinates"":[13.653728766846022,52.233631730992876]}"
46,142.0,52.0,99.0,71.0,152.0,290.0,197.0,186.0,160.0,152.0,181.0,126.0,66.0,0.0,0.0,0.0,6.0,16.0,30.0,21.0,1813.0,20180906T101021_20180906T101022_T33UUT,Paeter_VorderSee,52.233631730992876,13.653728766846024,"{""type"":""Point"",""coordinates"":[13.653728766846022,52.233631730992876]}"
47,124.0,1.0,35.0,33.0,249.0,323.0,274.0,251.0,203.0,170.0,178.0,129.0,87.0,0.0,0.0,0.0,6.0,25.0,32.0,27.0,173.0,20180223T101019_20180223T101508_T33UVT,Paeter_VorderSee,52.233631730992876,13.653728766846024,"{""type"":""Point"",""coordinates"":[13.653728766846022,52.233631730992876]}"
48,77.0,1631.0,1802.0,1523.0,1030.0,1016.0,880.0,1426.0,1775.0,1883.0,1635.0,2194.0,2537.0,0.0,0.0,0.0,7.0,105.0,104.0,90.0,955.0,20180929T102021_20180929T102019_T33UUT,Paeter_VorderSee,52.233631730992876,13.653728766846024,"{""type"":""Point"",""coordinates"":[13.653728766846022,52.233631730992876]}"
49,166.0,325.0,233.0,172.0,343.0,393.0,307.0,332.0,288.0,300.0,276.0,279.0,285.0,0.0,0.0,0.0,6.0,35.0,39.0,31.0,1642.0,20181016T101021_20181016T101021_T33UVT,Paeter_VorderSee,52.233631730992876,13.653728766846024,"{""type"":""Point"",""coordinates"":[13.653728766846022,52.233631730992876]}"
50,83.0,192.0,40.0,35.0,152.0,43.0,64.0,94.0,29.0,49.0,33.0,9.0,1.0,0.0,0.0,0.0,6.0,17.0,5.0,7.0,717.0,20181205T101401_20181205T101359_T33UUT,Paeter_VorderSee,52.233631730992876,13.653728766846024,"{""type"":""Point"",""coordinates"":[13.653728766846022,52.233631730992876]}"
51,65.0,1.0,11.0,15.0,49.0,46.0,51.0,34.0,1.0,1.0,2.0,,,0.0,0.0,0.0,6.0,5.0,5.0,6.0,823.0,20181031T101139_20181031T101140_T33UUT,Paeter_VorderSee,52.233631730992876,13.653728766846024,"{""type"":""Point"",""coordinates"":[13.653728766846022,52.233631730992876]}"
52,77.0,1.0,27.0,25.0,93.0,108.0,56.0,74.0,1.0,13.0,1.0,4.0,,0.0,0.0,0.0,6.0,11.0,11.0,6.0,1034.0,20181021T101039_20181021T101201_T33UUT,Paeter_VorderSee,52.233631730992876,13.653728766846024,"{""type"":""Point"",""coordinates"":[13.653728766846022,52.233631730992876]}"
53,112.0,1.0,109.0,81.0,188.0,285.0,200.0,221.0,156.0,171.0,165.0,159.0,179.0,0.0,0.0,0.0,6.0,19.0,29.0,20.0,1501.0,20180504T101029_20180504T101023_T33UVT,Paeter_VorderSee,52.233631730992876,13.653728766846024,"{""type"":""Point"",""coordinates"":[13.653728766846022,52.233631730992876]}"
54,65.0,99.0,61.0,45.0,196.0,218.0,139.0,154.0,96.0,105.0,99.0,80.0,54.0,0.0,0.0,0.0,6.0,19.0,22.0,14.0,341.0,20180407T102019_20180407T102020_T33UUT,Paeter_VorderSee,52.233631730992876,13.653728766846024,"{""type"":""Point"",""coordinates"":[13.653728766846022,52.233631730992876]}"
55,77.0,1559.0,1810.0,1528.0,1001.0,1009.0,887.0,1431.0,1783.0,1891.0,1638.0,2202.0,2485.0,0.0,0.0,0.0,7.0,102.0,103.0,91.0,924.0,20180929T102021_20180929T102019_T33UVT,Paeter_VorderSee,52.233631730992876,13.653728766846024,"{""type"":""Point"",""coordinates"":[13.653728766846022,52.233631730992876]}"
56,207.0,93.0,99.0,95.0,269.0,462.0,325.0,252.0,105.0,76.0,88.0,77.0,81.0,0.0,0.0,0.0,6.0,27.0,47.0,33.0,1989.0,20180509T101031_20180509T101027_T33UUT,Paeter_VorderSee,52.233631730992876,13.653728766846024,"{""type"":""Point"",""coordinates"":[13.653728766846022,52.233631730992876]}"
57,101.0,123.0,111.0,76.0,233.0,345.0,236.0,234.0,223.0,214.0,233.0,177.0,166.0,0.0,0.0,0.0,6.0,24.0,36.0,24.0,1840.0,20180906T101021_20180906T101022_T33UVT,Paeter_VorderSee,52.233631730992876,13.653728766846024,"{""type"":""Point"",""coordinates"":[13.653728766846022,52.233631730992876]}"
58,118.0,1.0,36.0,34.0,189.0,284.0,265.0,251.0,205.0,175.0,181.0,132.0,87.0,0.0,0.0,0.0,6.0,19.0,28.0,27.0,185.0,20180223T101019_20180223T101508_T33UUT,Paeter_VorderSee,52.233631730992876,13.653728766846024,"{""type"":""Point"",""coordinates"":[13.653728766846022,52.233631730992876]}"
59,172.0,1.0,58.0,66.0,252.0,547.0,229.0,183.0,20.0,2.0,1.0,1.0,,0.0,0.0,0.0,6.0,25.0,56.0,24.0,2346.0,20180723T101019_20180723T101036_T33UVT,Paeter_VorderSee,52.233631730992876,13.653728766846024,"{""type"":""Point"",""coordinates"":[13.653728766846022,52.233631730992876]}"
60,201.0,3643.0,3969.0,3639.0,3706.0,3652.0,3870.0,4009.0,4151.0,4010.0,4355.0,4171.0,5212.0,0.0,0.0,1024.0,9.0,255.0,255.0,255.0,794.0,20180109T101401_20180109T101536_T33UVT,Paeter_VorderSee,52.233631730992876,13.653728766846024,"{""type"":""Point"",""coordinates"":[13.653728766846022,52.233631730992876]}"
61,112.0,159.0,146.0,138.0,302.0,391.0,275.0,275.0,203.0,211.0,201.0,183.0,191.0,0.0,0.0,0.0,6.0,31.0,40.0,28.0,1414.0,20180606T102019_20180606T102512_T33UVT,Paeter_VorderSee,52.233631730992876,13.653728766846024,"{""type"":""Point"",""coordinates"":[13.653728766846022,52.233631730992876]}"
62,118.0,1233.0,973.0,799.0,1264.0,1259.0,1208.0,1298.0,1299.0,1268.0,1519.0,1312.0,1947.0,0.0,0.0,2048.0,10.0,128.0,128.0,123.0,610.0,20180330T101021_20180330T101439_T33UUT,Paeter_VorderSee,52.233631730992876,13.653728766846024,"{""type"":""Point"",""coordinates"":[13.653728766846022,52.233631730992876]}"
63,118.0,12.0,34.0,32.0,120.0,254.0,155.0,134.0,20.0,15.0,7.0,,66.0,0.0,0.0,0.0,6.0,15.0,26.0,16.0,1838.0,20180608T101021_20180608T101024_T33UVT,Paeter_VorderSee,52.233631730992876,13.653728766846024,"{""type"":""Point"",""coordinates"":[13.653728766846022,52.233631730992876]}"
64,142.0,1.0,42.0,38.0,189.0,148.0,179.0,136.0,105.0,79.0,116.0,97.0,7.0,0.0,0.0,0.0,6.0,19.0,15.0,18.0,452.0,20180208T101151_20180208T101153_T33UUT,Paeter_VorderSee,52.233631730992876,13.653728766846024,"{""type"":""Point"",""coordinates"":[13.653728766846022,52.233631730992876]}"
65,77.0,978.0,1296.0,1093.0,954.0,992.0,1036.0,1236.0,1385.0,1361.0,1306.0,1344.0,2561.0,0.0,0.0,0.0,6.0,96.0,101.0,106.0,1434.0,20181115T101251_20181115T101254_T33UVT,Paeter_VorderSee,52.233631730992876,13.653728766846024,"{""type"":""Point"",""coordinates"":[13.653728766846022,52.233631730992876]}"
66,143.0,,57.0,67.0,255.0,546.0,235.0,178.0,19.0,3.0,1.0,1.0,1.0,0.0,0.0,0.0,6.0,26.0,56.0,24.0,2240.0,20180723T101019_20180723T101036_T33UUT,Paeter_VorderSee,52.233631730992876,13.653728766846024,"{""type"":""Point"",""coordinates"":[13.653728766846022,52.233631730992876]}"
67,171.0,12286.0,7040.0,6077.0,11680.0,10752.0,10304.0,11033.0,10311.0,9909.0,10224.0,9488.0,15936.0,0.0,0.0,1024.0,9.0,255.0,255.0,255.0,2236.0,20180713T101029_20180713T101023_T33UUT,Paeter_VorderSee,52.233631730992876,13.653728766846024,"{""type"":""Point"",""coordinates"":[13.653728766846022,52.233631730992876]}"
68,159.0,300.0,27.0,20.0,481.0,493.0,401.0,355.0,292.0,235.0,299.0,224.0,96.0,0.0,0.0,0.0,6.0,49.0,50.0,40.0,203.0,20180303T102021_20180303T102019_T33UUT,Paeter_VorderSee,52.233631730992876,13.653728766846024,"{""type"":""Point"",""coordinates"":[13.653728766846022,52.233631730992876]}"
69,107.0,418.0,480.0,346.0,437.0,550.0,464.0,523.0,540.0,564.0,618.0,556.0,1052.0,0.0,0.0,2048.0,10.0,44.0,56.0,47.0,1127.0,20180422T102031_20180422T102115_T33UVT,Paeter_VorderSee,52.233631730992876,13.653728766846024,"{""type"":""Point"",""coordinates"":[13.653728766846022,52.233631730992876]}"
70,100.0,263.0,287.0,278.0,309.0,341.0,354.0,337.0,347.0,395.0,344.0,348.0,548.0,0.0,0.0,0.0,3.0,31.0,34.0,36.0,1040.0,20180427T102019_20180427T102022_T33UUT,Paeter_VorderSee,52.233631730992876,13.653728766846024,"{""type"":""Point"",""coordinates"":[13.653728766846022,52.233631730992876]}"
71,89.0,774.0,299.0,379.0,561.0,671.0,409.0,362.0,337.0,371.0,394.0,396.0,1381.0,0.0,0.0,0.0,3.0,57.0,69.0,42.0,2484.0,20180726T102019_20180726T102150_T33UVT,Paeter_VorderSee,52.233631730992876,13.653728766846024,"{""type"":""Point"",""coordinates"":[13.653728766846022,52.233631730992876]}"
72,77.0,1.0,26.0,26.0,111.0,117.0,60.0,81.0,2.0,14.0,2.0,7.0,,0.0,0.0,0.0,6.0,13.0,12.0,6.0,1037.0,20181021T101039_20181021T101201_T33UVT,Paeter_VorderSee,52.233631730992876,13.653728766846024,"{""type"":""Point"",""coordinates"":[13.653728766846022,52.233631730992876]}"
73,95.0,181.0,39.0,18.0,416.0,689.0,313.0,246.0,113.0,123.0,90.0,71.0,39.0,0.0,0.0,0.0,6.0,43.0,71.0,32.0,1790.0,20180716T102019_20180716T102549_T33UVT,Paeter_VorderSee,52.233631730992876,13.653728766846024,"{""type"":""Point"",""coordinates"":[13.653728766846022,52.233631730992876]}"
74,101.0,251.0,41.0,46.0,348.0,381.0,217.0,211.0,132.0,128.0,92.0,80.0,96.0,0.0,0.0,0.0,6.0,36.0,39.0,23.0,2204.0,20180815T102019_20180815T102017_T33UVT,Paeter_VorderSee,52.233631730992876,13.653728766846024,"{""type"":""Point"",""coordinates"":[13.653728766846022,52.233631730992876]}"
75,130.0,1.0,26.0,28.0,98.0,236.0,140.0,99.0,1.0,1.0,1.0,1.0,,0.0,0.0,0.0,6.0,10.0,24.0,15.0,1439.0,20180608T101021_20180608T101024_T33UUT,Paeter_VorderSee,52.233631730992876,13.653728766846024,"{""type"":""Point"",""coordinates"":[13.653728766846022,52.233631730992876]}"
76,124.0,712.0,321.0,244.0,775.0,781.0,665.0,651.0,667.0,631.0,633.0,604.0,686.0,0.0,0.0,2048.0,10.0,79.0,79.0,67.0,485.0,20180221T102031_20180221T102033_T33UVT,Paeter_VorderSee,52.233631730992876,13.653728766846024,"{""type"":""Point"",""coordinates"":[13.653728766846022,52.233631730992876]}"
77,118.0,78.0,71.0,42.0,232.0,326.0,229.0,269.0,197.0,191.0,169.0,154.0,135.0,0.0,0.0,0.0,6.0,23.0,33.0,23.0,1151.0,20180417T102019_20180417T102021_T33UUT,Paeter_VorderSee,52.233631730992876,13.653728766846024,"{""type"":""Point"",""coordinates"":[13.653728766846022,52.233631730992876]}"
78,94.0,1.0,113.0,83.0,187.0,288.0,205.0,230.0,171.0,190.0,181.0,174.0,197.0,0.0,0.0,0.0,6.0,19.0,29.0,20.0,1460.0,20180504T101029_20180504T101023_T33UUT,Paeter_VorderSee,52.233631730992876,13.653728766846024,"{""type"":""Point"",""coordinates"":[13.653728766846022,52.233631730992876]}"
79,118.0,261.0,285.0,277.0,304.0,337.0,350.0,327.0,341.0,389.0,340.0,345.0,523.0,0.0,0.0,0.0,3.0,31.0,34.0,35.0,1004.0,20180427T102019_20180427T102022_T33UVT,Paeter_VorderSee,52.233631730992876,13.653728766846024,"{""type"":""Point"",""coordinates"":[13.653728766846022,52.233631730992876]}"
80,195.0,220.0,189.0,137.0,328.0,354.0,256.0,272.0,262.0,278.0,273.0,261.0,499.0,0.0,0.0,0.0,3.0,34.0,36.0,27.0,2013.0,20180904T102019_20180904T102014_T33UVT,Paeter_VorderSee,52.233631730992876,13.653728766846024,"{""type"":""Point"",""coordinates"":[13.653728766846022,52.233631730992876]}"
81,179.0,1.0,47.0,53.0,95.0,279.0,142.0,102.0,1.0,1.0,1.0,1.0,1.0,0.0,0.0,0.0,6.0,10.0,28.0,14.0,1375.0,20180812T101019_20180812T101124_T33UUT,Paeter_VorderSee,52.233631730992876,13.653728766846024,"{""type"":""Point"",""coordinates"":[13.653728766846022,52.233631730992876]}"
82,160.0,39.0,61.0,37.0,193.0,295.0,201.0,235.0,153.0,148.0,129.0,114.0,92.0,0.0,0.0,0.0,6.0,19.0,30.0,20.0,1180.0,20180417T102019_20180417T102021_T33UVT,Paeter_VorderSee,52.233631730992876,13.653728766846024,"{""type"":""Point"",""coordinates"":[13.653728766846022,52.233631730992876]}"
83,134.0,32.0,64.0,60.0,189.0,336.0,181.0,158.0,64.0,78.0,68.0,63.0,57.0,0.0,0.0,0.0,6.0,20.0,35.0,20.0,1420.0,20180812T101019_20180812T101124_T33UVT,Paeter_VorderSee,52.233631730992876,13.653728766846024,"{""type"":""Point"",""coordinates"":[13.653728766846022,52.233631730992876]}"
84,171.0,8251.0,6468.0,5606.0,8049.0,7533.0,7425.0,7783.0,7492.0,7414.0,7587.0,7321.0,10201.0,0.0,0.0,1024.0,9.0,255.0,255.0,255.0,1587.0,20180414T101019_20180414T101536_T33UUT,Paeter_VorderSee,52.233631730992876,13.653728766846024,"{""type"":""Point"",""coordinates"":[13.653728766846022,52.233631730992876]}"
85,97.0,157.0,37.0,17.0,399.0,677.0,306.0,237.0,102.0,115.0,83.0,61.0,28.0,0.0,0.0,0.0,6.0,41.0,68.0,31.0,1735.0,20180716T102019_20180716T102549_T33UUT,Paeter_VorderSee,52.233631730992876,13.653728766846024,"{""type"":""Point"",""coordinates"":[13.653728766846022,52.233631730992876]}"
86,169.0,169.0,67.0,101.0,359.0,789.0,354.0,286.0,91.0,85.0,53.0,54.0,18.0,0.0,0.0,0.0,6.0,37.0,81.0,36.0,2810.0,20180728T101031_20180728T101340_T33UUT,Paeter_VorderSee,52.233631730992876,13.653728766846024,"{""type"":""Point"",""coordinates"":[13.653728766846022,52.233631730992876]}"
87,242.0,120.0,33.0,35.0,116.0,227.0,92.0,35.0,1.0,1.0,1.0,1.0,1.0,0.0,0.0,0.0,6.0,12.0,24.0,10.0,2123.0,20180817T101021_20180817T101024_T33UUT,Paeter_VorderSee,52.233631730992876,13.653728766846024,"{""type"":""Point"",""coordinates"":[13.653728766846022,52.233631730992876]}"
88,142.0,51.0,201.0,140.0,284.0,364.0,294.0,302.0,313.0,335.0,332.0,317.0,465.0,0.0,0.0,0.0,3.0,30.0,37.0,30.0,1808.0,20180904T102019_20180904T102014_T33UUT,Paeter_VorderSee,52.233631730992876,13.653728766846024,"{""type"":""Point"",""coordinates"":[13.653728766846022,52.233631730992876]}"
89,166.0,8306.0,6492.0,5624.0,8089.0,7561.0,7427.0,7798.0,7570.0,7505.0,7680.0,7403.0,10184.0,0.0,0.0,1024.0,9.0,255.0,255.0,255.0,1580.0,20180414T101019_20180414T101536_T33UVT,Paeter_VorderSee,52.233631730992876,13.653728766846024,"{""type"":""Point"",""coordinates"":[13.653728766846022,52.233631730992876]}"
90,112.0,128.0,23.0,7.0,182.0,197.0,93.0,67.0,,1.0,1.0,1.0,,0.0,0.0,0.0,6.0,19.0,21.0,9.0,1416.0,20180909T102021_20180909T102205_T33UUT,Paeter_VorderSee,52.233631730992876,13.653728766846024,"{""type"":""Point"",""coordinates"":[13.653728766846022,52.233631730992876]}"
91,261.0,436.0,272.0,218.0,444.0,545.0,410.0,458.0,471.0,501.0,411.0,511.0,1002.0,0.0,0.0,0.0,2.0,46.0,56.0,42.0,2721.0,20180601T102021_20180601T102024_T33UVT,Paeter_VorderSee,52.233631730992876,13.653728766846024,"{""type"":""Point"",""coordinates"":[13.653728766846022,52.233631730992876]}"
92,107.0,242.0,88.0,110.0,420.0,821.0,399.0,345.0,186.0,186.0,142.0,142.0,128.0,0.0,0.0,0.0,6.0,43.0,84.0,41.0,2888.0,20180728T101031_20180728T101340_T33UVT,Paeter_VorderSee,52.233631730992876,13.653728766846024,"{""type"":""Point"",""coordinates"":[13.653728766846022,52.233631730992876]}"
93,83.0,8704.0,7717.0,7128.0,9168.0,8936.0,8784.0,9036.0,9072.0,8942.0,10040.0,9071.0,14980.0,0.0,0.0,1024.0,9.0,255.0,255.0,255.0,774.0,20181024T102059_20181024T102428_T33UVT,Paeter_VorderSee,52.233631730992876,13.653728766846024,"{""type"":""Point"",""coordinates"":[13.653728766846022,52.233631730992876]}"
94,118.0,2219.0,2497.0,2591.0,2261.0,2052.0,2104.0,2272.0,2395.0,2460.0,2549.0,2498.0,2912.0,0.0,0.0,2048.0,8.0,230.0,209.0,214.0,301.0,20180226T102019_20180226T102050_T33UUT,Paeter_VorderSee,52.233631730992876,13.653728766846024,"{""type"":""Point"",""coordinates"":[13.653728766846022,52.233631730992876]}"
95,165.0,3003.0,3449.0,2984.0,2875.0,2844.0,2818.0,2975.0,3054.0,3024.0,3383.0,3088.0,4660.0,0.0,0.0,0.0,9.0,255.0,255.0,255.0,736.0,20180402T102021_20180402T102435_T33UUT,Paeter_VorderSee,52.233631730992876,13.653728766846024,"{""type"":""Point"",""coordinates"":[13.653728766846022,52.233631730992876]}"
96,89.0,2262.0,2502.0,2596.0,2284.0,2070.0,2110.0,2273.0,2408.0,2477.0,2566.0,2515.0,2869.0,0.0,0.0,2048.0,8.0,232.0,211.0,215.0,283.0,20180226T102019_20180226T102050_T33UVT,Paeter_VorderSee,52.233631730992876,13.653728766846024,"{""type"":""Point"",""coordinates"":[13.653728766846022,52.233631730992876]}"
97,95.0,148.0,27.0,9.0,169.0,205.0,111.0,85.0,13.0,15.0,14.0,4.0,1.0,0.0,0.0,0.0,6.0,18.0,21.0,12.0,1372.0,20180909T102021_20180909T102205_T33UVT,Paeter_VorderSee,52.233631730992876,13.653728766846024,"{""type"":""Point"",""coordinates"":[13.653728766846022,52.233631730992876]}"
98,83.0,8621.0,7712.0,7164.0,9104.0,8880.0,8752.0,9064.0,9080.0,8932.0,10016.0,9045.0,15415.0,0.0,0.0,1024.0,9.0,255.0,255.0,255.0,878.0,20181024T102059_20181024T102428_T33UUT,Paeter_VorderSee,52.233631730992876,13.653728766846024,"{""type"":""Point"",""coordinates"":[13.653728766846022,52.233631730992876]}"
99,201.0,13580.0,4943.0,3511.0,12827.0,11369.0,10791.0,10906.0,10345.0,10042.0,9762.0,9749.0,12692.0,0.0,0.0,1024.0,9.0,255.0,255.0,255.0,868.0,20180308T102019_20180308T102241_T33UUT,Paeter_VorderSee,52.233631730992876,13.653728766846024,"{""type"":""Point"",""coordinates"":[13.653728766846022,52.233631730992876]}"
100,154.0,662.0,149.0,134.0,673.0,754.0,528.0,477.0,330.0,337.0,319.0,294.0,312.0,0.0,0.0,0.0,6.0,68.0,76.0,53.0,2062.0,20180512T102031_20180512T102148_T33UVT,Paeter_VorderSee,52.233631730992876,13.653728766846024,"{""type"":""Point"",""coordinates"":[13.653728766846022,52.233631730992876]}"
101,94.0,421.0,361.0,214.0,675.0,698.0,600.0,518.0,451.0,480.0,732.0,391.0,519.0,0.0,0.0,0.0,3.0,69.0,71.0,61.0,1014.0,20180701T102021_20180701T102404_T33UUT,Paeter_VorderSee,52.233631730992876,13.653728766846024,"{""type"":""Point"",""coordinates"":[13.653728766846022,52.233631730992876]}"
102,150.0,534.0,222.0,222.0,454.0,651.0,398.0,374.0,268.0,297.0,244.0,262.0,784.0,0.0,0.0,0.0,6.0,47.0,67.0,42.0,2169.0,20180708T101031_20180708T101025_T33UVT,Paeter_VorderSee,52.233631730992876,13.653728766846024,"{""type"":""Point"",""coordinates"":[13.653728766846022,52.233631730992876]}"
103,142.0,1073.0,330.0,295.0,937.0,828.0,733.0,677.0,596.0,651.0,611.0,608.0,555.0,0.0,0.0,1024.0,6.0,95.0,84.0,74.0,229.0,20180228T101021_20180228T101021_T33UVT,Paeter_VorderSee,52.233631730992876,13.653728766846024,"{""type"":""Point"",""coordinates"":[13.653728766846022,52.233631730992876]}"
104,159.0,302.0,232.0,171.0,330.0,388.0,305.0,328.0,289.0,301.0,280.0,287.0,259.0,0.0,0.0,0.0,6.0,34.0,40.0,31.0,1540.0,20181016T101021_20181016T101021_T33UUT,Paeter_VorderSee,52.233631730992876,13.653728766846024,"{""type"":""Point"",""coordinates"":[13.653728766846022,52.233631730992876]}"
105,142.0,96.0,26.0,38.0,263.0,319.0,170.0,155.0,63.0,51.0,29.0,16.0,,0.0,0.0,0.0,6.0,27.0,33.0,18.0,2253.0,20180815T102019_20180815T102017_T33UUT,Paeter_VorderSee,52.233631730992876,13.653728766846024,"{""type"":""Point"",""coordinates"":[13.653728766846022,52.233631730992876]}"
106,89.0,5939.0,1399.0,985.0,4776.0,4304.0,4096.0,4138.0,4081.0,4073.0,3748.0,4012.0,5202.0,0.0,0.0,0.0,11.0,255.0,255.0,255.0,333.0,20180924T102019_20180924T102602_T33UVT,Paeter_VorderSee,52.233631730992876,13.653728766846024,"{""type"":""Point"",""coordinates"":[13.653728766846022,52.233631730992876]}"
107,153.0,2263.0,1166.0,1112.0,2192.0,2052.0,1840.0,1999.0,1901.0,1875.0,2082.0,1835.0,5523.0,0.0,0.0,2048.0,8.0,223.0,209.0,187.0,1571.0,20180412T102021_20180412T102024_T33UUT,Paeter_VorderSee,52.233631730992876,13.653728766846024,"{""type"":""Point"",""coordinates"":[13.653728766846022,52.233631730992876]}"
108,89.0,12425.0,6878.0,5627.0,11936.0,11608.0,11448.0,12360.0,11674.0,11348.0,11376.0,11004.0,15538.0,0.0,0.0,1024.0,9.0,255.0,255.0,255.0,2228.0,20180805T102019_20180805T102019_T33UVT,Paeter_VorderSee,52.233631730992876,13.653728766846024,"{""type"":""Point"",""coordinates"":[13.653728766846022,52.233631730992876]}"
109,171.0,2158.0,1286.0,1210.0,1964.0,1788.0,1578.0,1682.0,1733.0,1739.0,1770.0,1757.0,4430.0,0.0,0.0,2048.0,8.0,200.0,182.0,161.0,1700.0,20180916T101021_20180916T101512_T33UUT,Paeter_VorderSee,52.233631730992876,13.653728766846024,"{""type"":""Point"",""coordinates"":[13.653728766846022,52.233631730992876]}"
110,94.0,5925.0,1396.0,982.0,4764.0,4296.0,4086.0,4136.0,4080.0,4070.0,3742.0,4008.0,5265.0,0.0,0.0,0.0,11.0,255.0,255.0,255.0,334.0,20180924T102019_20180924T102602_T33UUT,Paeter_VorderSee,52.233631730992876,13.653728766846024,"{""type"":""Point"",""coordinates"":[13.653728766846022,52.233631730992876]}"
111,124.0,9678.0,6287.0,5409.0,8765.0,8391.0,8224.0,8345.0,8134.0,8106.0,7464.0,7963.0,8740.0,0.0,0.0,1024.0,9.0,255.0,255.0,255.0,678.0,20180315T101019_20180315T101038_T33UUT,Paeter_VorderSee,52.233631730992876,13.653728766846024,"{""type"":""Point"",""coordinates"":[13.653728766846022,52.233631730992876]}"
112,130.0,52.0,83.0,81.0,197.0,268.0,192.0,161.0,119.0,118.0,86.0,85.0,51.0,0.0,0.0,0.0,6.0,20.0,28.0,20.0,1438.0,20180524T101019_20180524T101022_T33UVT,Paeter_VorderSee,52.233631730992876,13.653728766846024,"{""type"":""Point"",""coordinates"":[13.653728766846022,52.233631730992876]}"
113,278.0,7472.0,4170.0,2782.0,7540.0,6800.0,6300.0,6578.0,6436.0,6322.0,6740.0,6213.0,8765.0,0.0,0.0,1024.0,9.0,255.0,255.0,255.0,1526.0,20180827T101021_20180827T101023_T33UVT,Paeter_VorderSee,52.233631730992876,13.653728766846024,"{""type"":""Point"",""coordinates"":[13.653728766846022,52.233631730992876]}"
114,136.0,11989.0,7045.0,6120.0,11248.0,10456.0,10080.0,10886.0,10177.0,9786.0,10104.0,9386.0,15874.0,0.0,0.0,1024.0,9.0,255.0,255.0,255.0,2396.0,20180713T101029_20180713T101023_T33UVT,Paeter_VorderSee,52.233631730992876,13.653728766846024,"{""type"":""Point"",""coordinates"":[13.653728766846022,52.233631730992876]}"
115,77.0,6034.0,1401.0,983.0,4820.0,4312.0,4078.0,4116.0,4064.0,4053.0,3742.0,3996.0,5149.0,0.0,0.0,0.0,11.0,255.0,255.0,255.0,335.0,20180924T102019_20180924T102016_T33UVT,Paeter_VorderSee,52.233631730992876,13.653728766846024,"{""type"":""Point"",""coordinates"":[13.653728766846022,52.233631730992876]}"
116,201.0,2320.0,2251.0,2258.0,1231.0,1309.0,1728.0,1740.0,1847.0,2107.0,1572.0,2354.0,3229.0,0.0,0.0,0.0,8.0,125.0,133.0,176.0,365.0,20180114T101349_20180114T101347_T33UVT,Paeter_VorderSee,52.233631730992876,13.653728766846024,"{""type"":""Point"",""coordinates"":[13.653728766846022,52.233631730992876]}"
117,130.0,16.0,152.0,117.0,182.0,232.0,189.0,211.0,163.0,171.0,169.0,164.0,226.0,0.0,0.0,0.0,6.0,18.0,23.0,19.0,1335.0,20180404T101019_20180404T101021_T33UVT,Paeter_VorderSee,52.233631730992876,13.653728766846024,"{""type"":""Point"",""coordinates"":[13.653728766846022,52.233631730992876]}"
118,112.0,7052.0,5578.0,5199.0,6576.0,6508.0,6244.0,6526.0,6381.0,6239.0,6380.0,6059.0,9579.0,0.0,0.0,1024.0,9.0,255.0,255.0,255.0,1138.0,20181019T102031_20181019T102029_T33UUT,Paeter_VorderSee,52.233631730992876,13.653728766846024,"{""type"":""Point"",""coordinates"":[13.653728766846022,52.233631730992876]}"
119,160.0,2228.0,1307.0,1223.0,2026.0,1844.0,1632.0,1734.0,1773.0,1775.0,1810.0,1795.0,4468.0,0.0,0.0,2048.0,8.0,206.0,189.0,167.0,1709.0,20180916T101021_20180916T101512_T33UVT,Paeter_VorderSee,52.233631730992876,13.653728766846024,"{""type"":""Point"",""coordinates"":[13.653728766846022,52.233631730992876]}"
120,95.0,440.0,365.0,217.0,695.0,713.0,614.0,533.0,460.0,485.0,741.0,396.0,578.0,0.0,0.0,0.0,3.0,71.0,73.0,63.0,1123.0,20180701T102021_20180701T102404_T33UVT,Paeter_VorderSee,52.233631730992876,13.653728766846024,"{""type"":""Point"",""coordinates"":[13.653728766846022,52.233631730992876]}"
121,230.0,564.0,128.0,127.0,585.0,693.0,480.0,412.0,210.0,206.0,205.0,174.0,221.0,0.0,0.0,0.0,6.0,59.0,70.0,48.0,2113.0,20180512T102031_20180512T102148_T33UUT,Paeter_VorderSee,52.233631730992876,13.653728766846024,"{""type"":""Point"",""coordinates"":[13.653728766846022,52.233631730992876]}"
122,136.0,4557.0,2586.0,2520.0,3666.0,3152.0,3250.0,3950.0,4190.0,4190.0,3732.0,4187.0,13952.0,0.0,0.0,1024.0,9.0,255.0,255.0,255.0,1757.0,20180921T101019_20180921T101017_T33UVT,Paeter_VorderSee,52.233631730992876,13.653728766846024,"{""type"":""Point"",""coordinates"":[13.653728766846022,52.233631730992876]}"
123,77.0,5970.0,1395.0,979.0,4780.0,4276.0,4046.0,4092.0,4044.0,4034.0,3724.0,3977.0,5129.0,0.0,0.0,0.0,11.0,255.0,255.0,255.0,335.0,20180924T102019_20180924T102016_T33UUT,Paeter_VorderSee,52.233631730992876,13.653728766846024,"{""type"":""Point"",""coordinates"":[13.653728766846022,52.233631730992876]}"
124,112.0,1964.0,879.0,972.0,998.0,765.0,769.0,771.0,770.0,826.0,711.0,874.0,2226.0,0.0,0.0,1024.0,6.0,102.0,78.0,79.0,637.0,20181210T101409_20181210T101406_T33UUT,Paeter_VorderSee,52.233631730992876,13.653728766846024,"{""type"":""Point"",""coordinates"":[13.653728766846022,52.233631730992876]}"
125,142.0,404.0,401.0,373.0,525.0,466.0,565.0,524.0,570.0,540.0,660.0,605.0,521.0,0.0,0.0,0.0,2.0,53.0,47.0,57.0,287.0,20180122T102321_20180122T102323_T33UVT,Paeter_VorderSee,52.233631730992876,13.653728766846024,"{""type"":""Point"",""coordinates"":[13.653728766846022,52.233631730992876]}"
126,211.0,570.0,267.0,223.0,637.0,874.0,621.0,582.0,369.0,369.0,341.0,298.0,344.0,0.0,0.0,0.0,6.0,64.0,88.0,63.0,1936.0,20180611T102021_20180611T102022_T33UUT,Paeter_VorderSee,52.233631730992876,13.653728766846024,"{""type"":""Point"",""coordinates"":[13.653728766846022,52.233631730992876]}"
127,142.0,621.0,284.0,232.0,688.0,907.0,655.0,632.0,454.0,455.0,431.0,391.0,559.0,0.0,0.0,0.0,6.0,70.0,93.0,67.0,2285.0,20180611T102021_20180611T102022_T33UVT,Paeter_VorderSee,52.233631730992876,13.653728766846024,"{""type"":""Point"",""coordinates"":[13.653728766846022,52.233631730992876]}"
128,350.0,486.0,252.0,209.0,429.0,493.0,339.0,380.0,354.0,378.0,295.0,400.0,852.0,0.0,0.0,0.0,2.0,44.0,51.0,35.0,2657.0,20180601T102021_20180601T102024_T33UUT,Paeter_VorderSee,52.233631730992876,13.653728766846024,"{""type"":""Point"",""coordinates"":[13.653728766846022,52.233631730992876]}"
129,165.0,3422.0,1657.0,1475.0,2884.0,2820.0,2576.0,2860.0,3085.0,3202.0,3204.0,3231.0,6314.0,0.0,0.0,1024.0,8.0,255.0,255.0,255.0,1401.0,20180810T102021_20180810T102023_T33UUT,Paeter_VorderSee,52.233631730992876,13.653728766846024,"{""type"":""Point"",""coordinates"":[13.653728766846022,52.233631730992876]}"
130,100.0,4061.0,3114.0,2711.0,4014.0,3352.0,3200.0,3434.0,3320.0,3242.0,3614.0,3290.0,4700.0,0.0,0.0,1024.0,9.0,255.0,255.0,255.0,1311.0,20181125T101331_20181125T101402_T33UUT,Paeter_VorderSee,52.233631730992876,13.653728766846024,"{""type"":""Point"",""coordinates"":[13.653728766846022,52.233631730992876]}"
131,148.0,2174.0,2095.0,2355.0,1766.0,1838.0,2070.0,2352.0,2519.0,2803.0,2286.0,2904.0,6874.0,0.0,0.0,2048.0,8.0,180.0,187.0,211.0,1601.0,20180901T101019_20180901T101015_T33UUT,Paeter_VorderSee,52.233631730992876,13.653728766846024,"{""type"":""Point"",""coordinates"":[13.653728766846022,52.233631730992876]}"
132,124.0,71.0,117.0,111.0,168.0,223.0,165.0,192.0,132.0,141.0,135.0,145.0,107.0,0.0,0.0,0.0,6.0,17.0,22.0,16.0,203.0,20180318T102019_20180318T102016_T33UVT,Paeter_VorderSee,52.233631730992876,13.653728766846024,"{""type"":""Point"",""coordinates"":[13.653728766846022,52.233631730992876]}"
133,77.0,12458.0,6820.0,5569.0,11736.0,11424.0,11240.0,12123.0,11491.0,11198.0,11240.0,10878.0,15528.0,0.0,0.0,1024.0,9.0,255.0,255.0,255.0,2109.0,20180805T102019_20180805T102019_T33UUT,Paeter_VorderSee,52.233631730992876,13.653728766846024,"{""type"":""Point"",""coordinates"":[13.653728766846022,52.233631730992876]}"
134,207.0,1203.0,972.0,796.0,1250.0,1249.0,1200.0,1278.0,1268.0,1235.0,1506.0,1286.0,1817.0,0.0,0.0,2048.0,10.0,127.0,127.0,122.0,542.0,20180330T101021_20180330T101439_T33UVT,Paeter_VorderSee,52.233631730992876,13.653728766846024,"{""type"":""Point"",""coordinates"":[13.653728766846022,52.233631730992876]}"
135,148.0,170.0,53.0,36.0,183.0,255.0,155.0,141.0,43.0,44.0,55.0,48.0,1.0,0.0,0.0,0.0,6.0,18.0,26.0,15.0,1675.0,20180429T101031_20180429T101258_T33UVT,Paeter_VorderSee,52.233631730992876,13.653728766846024,"{""type"":""Point"",""coordinates"":[13.653728766846022,52.233631730992876]}"
136,208.0,131.0,102.0,96.0,288.0,474.0,331.0,264.0,118.0,89.0,96.0,84.0,91.0,0.0,0.0,0.0,6.0,29.0,48.0,33.0,2030.0,20180509T101031_20180509T101027_T33UVT,Paeter_VorderSee,52.233631730992876,13.653728766846024,"{""type"":""Point"",""coordinates"":[13.653728766846022,52.233631730992876]}"
137,124.0,4788.0,5071.0,4632.0,4728.0,4424.0,4236.0,4518.0,4784.0,4815.0,4948.0,4771.0,4991.0,0.0,0.0,1024.0,9.0,255.0,255.0,255.0,1911.0,20180626T102019_20180626T102022_T33UUT,Paeter_VorderSee,52.233631730992876,13.653728766846024,"{""type"":""Point"",""coordinates"":[13.653728766846022,52.233631730992876]}"
138,136.0,3101.0,3442.0,2965.0,2856.0,2822.0,2792.0,2938.0,3043.0,3026.0,3385.0,3095.0,4329.0,0.0,0.0,0.0,9.0,255.0,255.0,255.0,623.0,20180402T102021_20180402T102435_T33UVT,Paeter_VorderSee,52.233631730992876,13.653728766846024,"{""type"":""Point"",""coordinates"":[13.653728766846022,52.233631730992876]}"
139,130.0,792.0,317.0,241.0,802.0,777.0,648.0,631.0,646.0,613.0,618.0,589.0,633.0,0.0,0.0,2048.0,10.0,81.0,79.0,66.0,448.0,20180221T102031_20180221T102033_T33UUT,Paeter_VorderSee,52.233631730992876,13.653728766846024,"{""type"":""Point"",""coordinates"":[13.653728766846022,52.233631730992876]}"
140,77.0,3865.0,2846.0,2403.0,2842.0,3062.0,3208.0,3353.0,3409.0,3415.0,3270.0,3491.0,5751.0,0.0,0.0,1024.0,9.0,255.0,255.0,255.0,548.0,20181118T102311_20181118T102312_T33UUT,Paeter_VorderSee,52.233631730992876,13.653728766846024,"{""type"":""Point"",""coordinates"":[13.653728766846022,52.233631730992876]}"
141,112.0,3824.0,3794.0,3142.0,3262.0,3054.0,3482.0,3738.0,3810.0,3728.0,3774.0,3713.0,8834.0,0.0,0.0,1024.0,9.0,255.0,255.0,255.0,1741.0,20180616T102019_20180616T102021_T33UUT,Paeter_VorderSee,52.233631730992876,13.653728766846024,"{""type"":""Point"",""coordinates"":[13.653728766846022,52.233631730992876]}"
142,189.0,3634.0,1769.0,1713.0,3200.0,3042.0,2742.0,3107.0,3290.0,3356.0,3436.0,3375.0,9179.0,0.0,0.0,1024.0,8.0,255.0,255.0,255.0,1467.0,20181009T102021_20181009T102559_T33UUT,Paeter_VorderSee,52.233631730992876,13.653728766846024,"{""type"":""Point"",""coordinates"":[13.653728766846022,52.233631730992876]}"
143,165.0,6062.0,4827.0,4872.0,4885.0,4527.0,4708.0,5161.0,5159.0,5118.0,4710.0,5073.0,5510.0,0.0,0.0,1024.0,9.0,255.0,255.0,255.0,366.0,20180127T102259_20180127T102314_T33UUT,Paeter_VorderSee,52.233631730992876,13.653728766846024,"{""type"":""Point"",""coordinates"":[13.653728766846022,52.233631730992876]}"
144,77.0,9077.0,3437.0,3601.0,9448.0,8656.0,8248.0,8611.0,7981.0,7680.0,8584.0,7257.0,15483.0,0.0,0.0,1024.0,9.0,255.0,255.0,255.0,1186.0,20181203T102359_20181203T102604_T33UUT,Paeter_VorderSee,52.233631730992876,13.653728766846024,"{""type"":""Point"",""coordinates"":[13.653728766846022,52.233631730992876]}"
145,178.0,4042.0,3865.0,3188.0,3430.0,3222.0,3682.0,3943.0,3960.0,3845.0,3890.0,3812.0,9658.0,0.0,0.0,1024.0,9.0,255.0,255.0,255.0,1814.0,20180616T102019_20180616T102021_T33UVT,Paeter_VorderSee,52.233631730992876,13.653728766846024,"{""type"":""Point"",""coordinates"":[13.653728766846022,52.233631730992876]}"
146,124.0,350.0,227.0,223.0,436.0,635.0,392.0,376.0,285.0,319.0,263.0,284.0,673.0,0.0,0.0,0.0,6.0,45.0,65.0,40.0,2222.0,20180708T101031_20180708T101025_T33UUT,Paeter_VorderSee,52.233631730992876,13.653728766846024,"{""type"":""Point"",""coordinates"":[13.653728766846022,52.233631730992876]}"
147,325.0,2650.0,2487.0,2465.0,2318.0,2292.0,2136.0,2394.0,2653.0,2806.0,2676.0,2937.0,5661.0,0.0,0.0,2048.0,8.0,236.0,233.0,218.0,1970.0,20180718T101031_20180718T101539_T33UUT,Paeter_VorderSee,52.233631730992876,13.653728766846024,"{""type"":""Point"",""coordinates"":[13.653728766846022,52.233631730992876]}"
148,112.0,6735.0,3461.0,2258.0,6817.0,5708.0,5648.0,5662.0,5451.0,5324.0,5878.0,5181.0,4344.0,0.0,0.0,1024.0,9.0,255.0,255.0,255.0,400.0,20180104T101409_20180104T101403_T33UUT,Paeter_VorderSee,52.233631730992876,13.653728766846024,"{""type"":""Point"",""coordinates"":[13.653728766846022,52.233631730992876]}"
149,130.0,658.0,624.0,418.0,850.0,717.0,650.0,672.0,628.0,536.0,922.0,464.0,1350.0,0.0,0.0,0.0,3.0,87.0,73.0,67.0,2047.0,20180618T101021_20180618T101024_T33UVT,Paeter_VorderSee,52.233631730992876,13.653728766846024,"{""type"":""Point"",""coordinates"":[13.653728766846022,52.233631730992876]}"
150,213.0,409.0,312.0,268.0,637.0,935.0,566.0,559.0,492.0,524.0,489.0,478.0,1276.0,0.0,0.0,2048.0,2.0,65.0,95.0,58.0,3042.0,20180802T101019_20180802T101020_T33UVT,Paeter_VorderSee,52.233631730992876,13.653728766846024,"{""type"":""Point"",""coordinates"":[13.653728766846022,52.233631730992876]}"
151,101.0,1687.0,871.0,946.0,850.0,684.0,717.0,710.0,728.0,794.0,692.0,853.0,1643.0,0.0,0.0,1024.0,6.0,87.0,70.0,73.0,397.0,20181210T101409_20181210T101406_T33UVT,Paeter_VorderSee,52.233631730992876,13.653728766846024,"{""type"":""Point"",""coordinates"":[13.653728766846022,52.233631730992876]}"
152,201.0,3708.0,3947.0,3560.0,3703.0,3630.0,3845.0,3909.0,4050.0,3942.0,4298.0,4130.0,4040.0,0.0,0.0,1024.0,9.0,255.0,255.0,255.0,562.0,20180109T101401_20180109T101536_T33UUT,Paeter_VorderSee,52.233631730992876,13.653728766846024,"{""type"":""Point"",""coordinates"":[13.653728766846022,52.233631730992876]}"
153,201.0,900.0,308.0,284.0,793.0,719.0,653.0,604.0,504.0,564.0,523.0,521.0,502.0,0.0,0.0,1024.0,6.0,80.0,73.0,66.0,254.0,20180228T101021_20180228T101021_T33UUT,Paeter_VorderSee,52.233631730992876,13.653728766846024,"{""type"":""Point"",""coordinates"":[13.653728766846022,52.233631730992876]}"
154,201.0,689.0,592.0,403.0,843.0,646.0,563.0,564.0,473.0,374.0,784.0,302.0,1124.0,0.0,0.0,0.0,3.0,86.0,66.0,58.0,1895.0,20180618T101021_20180618T101024_T33UUT,Paeter_VorderSee,52.233631730992876,13.653728766846024,"{""type"":""Point"",""coordinates"":[13.653728766846022,52.233631730992876]}"
155,124.0,268.0,135.0,121.0,207.0,203.0,161.0,157.0,114.0,118.0,109.0,117.0,239.0,0.0,0.0,0.0,6.0,22.0,21.0,18.0,1240.0,20181006T101021_20181006T101510_T33UVT,Paeter_VorderSee,52.233631730992876,13.653728766846024,"{""type"":""Point"",""coordinates"":[13.653728766846022,52.233631730992876]}"
156,124.0,4824.0,5102.0,4682.0,4764.0,4460.0,4276.0,4584.0,4828.0,4847.0,4976.0,4798.0,5497.0,0.0,0.0,1024.0,9.0,255.0,255.0,255.0,2090.0,20180626T102019_20180626T102022_T33UVT,Paeter_VorderSee,52.233631730992876,13.653728766846024,"{""type"":""Point"",""coordinates"":[13.653728766846022,52.233631730992876]}"
157,166.0,6980.0,3557.0,2321.0,7172.0,6007.0,5936.0,6070.0,5797.0,5620.0,6146.0,5402.0,5454.0,0.0,0.0,1024.0,9.0,255.0,255.0,255.0,551.0,20180104T101409_20180104T101403_T33UVT,Paeter_VorderSee,52.233631730992876,13.653728766846024,"{""type"":""Point"",""coordinates"":[13.653728766846022,52.233631730992876]}"
158,165.0,1.0,73.0,78.0,141.0,228.0,166.0,129.0,63.0,59.0,32.0,33.0,37.0,0.0,0.0,0.0,6.0,15.0,24.0,17.0,1635.0,20180524T101019_20180524T101022_T33UUT,Paeter_VorderSee,52.233631730992876,13.653728766846024,"{""type"":""Point"",""coordinates"":[13.653728766846022,52.233631730992876]}"
159,124.0,699.0,568.0,666.0,494.0,527.0,582.0,674.0,654.0,691.0,646.0,729.0,1693.0,0.0,0.0,0.0,6.0,51.0,54.0,60.0,1095.0,20181208T102401_20181208T102407_T33UVT,Paeter_VorderSee,52.233631730992876,13.653728766846024,"{""type"":""Point"",""coordinates"":[13.653728766846022,52.233631730992876]}"
160,88.0,890.0,1291.0,1083.0,899.0,954.0,1013.0,1205.0,1354.0,1333.0,1284.0,1326.0,2362.0,0.0,0.0,0.0,6.0,92.0,97.0,103.0,1337.0,20181115T101251_20181115T101254_T33UUT,Paeter_VorderSee,52.233631730992876,13.653728766846024,"{""type"":""Point"",""coordinates"":[13.653728766846022,52.233631730992876]}"
161,201.0,6087.0,4879.0,4900.0,5128.0,4722.0,4886.0,5330.0,5340.0,5292.0,4872.0,5252.0,5489.0,0.0,0.0,1024.0,9.0,255.0,255.0,255.0,361.0,20180127T102259_20180127T102314_T33UVT,Paeter_VorderSee,52.233631730992876,13.653728766846024,"{""type"":""Point"",""coordinates"":[13.653728766846022,52.233631730992876]}"
162,201.0,4087.0,1618.0,1707.0,4227.0,4040.0,4174.0,4419.0,4438.0,4405.0,4620.0,4469.0,6309.0,0.0,0.0,1024.0,9.0,255.0,255.0,255.0,530.0,20180211T102141_20180211T102559_T33UUT,Paeter_VorderSee,52.233631730992876,13.653728766846024,"{""type"":""Point"",""coordinates"":[13.653728766846022,52.233631730992876]}"
163,112.0,4889.0,3528.0,3001.0,4408.0,4252.0,3784.0,4261.0,4544.0,4654.0,4772.0,4714.0,8062.0,0.0,0.0,1024.0,9.0,255.0,255.0,255.0,1925.0,20180711T102021_20180711T102024_T33UVT,Paeter_VorderSee,52.233631730992876,13.653728766846024,"{""type"":""Point"",""coordinates"":[13.653728766846022,52.233631730992876]}"
164,201.0,2178.0,1318.0,1283.0,2034.0,1926.0,1744.0,1878.0,1887.0,1867.0,1964.0,1846.0,7406.0,0.0,0.0,2048.0,8.0,207.0,196.0,178.0,1374.0,20181105T101211_20181105T101404_T33UUT,Paeter_VorderSee,52.233631730992876,13.653728766846024,"{""type"":""Point"",""coordinates"":[13.653728766846022,52.233631730992876]}"
165,124.0,9811.0,6332.0,5439.0,8891.0,8498.0,8312.0,8425.0,8234.0,8207.0,7561.0,8062.0,8623.0,0.0,0.0,1024.0,9.0,255.0,255.0,255.0,655.0,20180315T101019_20180315T101038_T33UVT,Paeter_VorderSee,52.233631730992876,13.653728766846024,"{""type"":""Point"",""coordinates"":[13.653728766846022,52.233631730992876]}"
166,249.0,608.0,461.0,369.0,533.0,577.0,496.0,546.0,656.0,718.0,710.0,755.0,1339.0,0.0,0.0,2048.0,10.0,54.0,58.0,50.0,1223.0,20180519T101031_20180519T101207_T33UVT,Paeter_VorderSee,52.233631730992876,13.653728766846024,"{""type"":""Point"",""coordinates"":[13.653728766846022,52.233631730992876]}"
167,201.0,1.0,380.0,363.0,1.0,1.0,221.0,232.0,323.0,322.0,429.0,416.0,318.0,0.0,0.0,0.0,2.0,,,22.0,256.0,20180122T102321_20180122T102323_T33UUT,Paeter_VorderSee,52.233631730992876,13.653728766846024,"{""type"":""Point"",""coordinates"":[13.653728766846022,52.233631730992876]}"
168,142.0,43.0,128.0,118.0,77.0,137.0,133.0,124.0,77.0,83.0,79.0,89.0,200.0,0.0,0.0,0.0,6.0,8.0,14.0,14.0,1244.0,20181006T101021_20181006T101510_T33UUT,Paeter_VorderSee,52.233631730992876,13.653728766846024,"{""type"":""Point"",""coordinates"":[13.653728766846022,52.233631730992876]}"
169,130.0,4353.0,3504.0,2949.0,4244.0,4148.0,3696.0,4144.0,4467.0,4605.0,4728.0,4673.0,6626.0,0.0,0.0,1024.0,9.0,255.0,255.0,255.0,1583.0,20180711T102021_20180711T102024_T33UUT,Paeter_VorderSee,52.233631730992876,13.653728766846024,"{""type"":""Point"",""coordinates"":[13.653728766846022,52.233631730992876]}"
170,202.0,7511.0,3478.0,3369.0,8440.0,8104.0,8040.0,7937.0,7623.0,7590.0,8704.0,7321.0,9854.0,0.0,0.0,1024.0,9.0,255.0,255.0,255.0,284.0,20181203T102359_20181203T102401_T33UUT,Paeter_VorderSee,52.233631730992876,13.653728766846024,"{""type"":""Point"",""coordinates"":[13.653728766846022,52.233631730992876]}"
171,136.0,5762.0,3159.0,2300.0,5156.0,4604.0,4524.0,4501.0,4342.0,4225.0,4496.0,4034.0,4727.0,0.0,0.0,1024.0,9.0,255.0,255.0,255.0,634.0,20181230T101429_20181230T101429_T33UUT,Paeter_VorderSee,52.233631730992876,13.653728766846024,"{""type"":""Point"",""coordinates"":[13.653728766846022,52.233631730992876]}"
172,165.0,630.0,473.0,379.0,587.0,624.0,533.0,605.0,745.0,807.0,786.0,832.0,1603.0,0.0,0.0,2048.0,10.0,59.0,63.0,54.0,1492.0,20180519T101031_20180519T101207_T33UUT,Paeter_VorderSee,52.233631730992876,13.653728766846024,"{""type"":""Point"",""coordinates"":[13.653728766846022,52.233631730992876]}"
173,201.0,3526.0,2744.0,2595.0,3052.0,2806.0,2710.0,2862.0,2665.0,2620.0,2624.0,2647.0,3929.0,0.0,0.0,0.0,8.0,255.0,255.0,255.0,1325.0,20181110T101239_20181110T101317_T33UUT,Paeter_VorderSee,52.233631730992876,13.653728766846024,"{""type"":""Point"",""coordinates"":[13.653728766846022,52.233631730992876]}"
174,201.0,4435.0,2942.0,2434.0,3118.0,3374.0,3514.0,3638.0,3687.0,3684.0,3498.0,3754.0,5899.0,0.0,0.0,1024.0,9.0,255.0,255.0,255.0,504.0,20181118T102311_20181118T102312_T33UVT,Paeter_VorderSee,52.233631730992876,13.653728766846024,"{""type"":""Point"",""coordinates"":[13.653728766846022,52.233631730992876]}"
175,201.0,4543.0,3197.0,2328.0,4396.0,4196.0,4296.0,4319.0,4196.0,4098.0,4432.0,3963.0,5013.0,0.0,0.0,1024.0,9.0,255.0,255.0,255.0,700.0,20181230T101429_20181230T101429_T33UVT,Paeter_VorderSee,52.233631730992876,13.653728766846024,"{""type"":""Point"",""coordinates"":[13.653728766846022,52.233631730992876]}"
176,130.0,2771.0,2465.0,2159.0,2868.0,2724.0,2360.0,2468.0,2454.0,2432.0,2866.0,2407.0,3696.0,0.0,0.0,0.0,8.0,255.0,255.0,240.0,1478.0,20180914T102019_20180914T102014_T33UUT,Paeter_VorderSee,52.233631730992876,13.653728766846024,"{""type"":""Point"",""coordinates"":[13.653728766846022,52.233631730992876]}"
177,166.0,2546.0,2192.0,1853.0,3393.0,2823.0,2284.0,2439.0,2255.0,2124.0,2934.0,2011.0,2591.0,0.0,0.0,1024.0,8.0,255.0,255.0,232.0,1179.0,20180313T102021_20180313T102540_T33UVT,Paeter_VorderSee,52.233631730992876,13.653728766846024,"{""type"":""Point"",""coordinates"":[13.653728766846022,52.233631730992876]}"
178,201.0,10024.0,6093.0,5025.0,8568.0,8036.0,7700.0,8334.0,7875.0,7724.0,7220.0,7643.0,14552.0,0.0,0.0,1024.0,9.0,255.0,255.0,255.0,2564.0,20180820T102021_20180820T102358_T33UVT,Paeter_VorderSee,52.233631730992876,13.653728766846024,"{""type"":""Point"",""coordinates"":[13.653728766846022,52.233631730992876]}"
179,142.0,1462.0,751.0,961.0,940.0,907.0,902.0,1066.0,1083.0,1215.0,998.0,1421.0,6266.0,0.0,0.0,2048.0,8.0,96.0,93.0,92.0,1618.0,20181108T102231_20181108T102225_T33UUT,Paeter_VorderSee,52.233631730992876,13.653728766846024,"{""type"":""Point"",""coordinates"":[13.653728766846022,52.233631730992876]}"
180,189.0,3903.0,2532.0,2781.0,1522.0,1660.0,2228.0,2686.0,2979.0,3211.0,1930.0,3506.0,7389.0,0.0,0.0,1024.0,8.0,155.0,169.0,227.0,833.0,20181103T102159_20181103T102338_T33UUT,Paeter_VorderSee,52.233631730992876,13.653728766846024,"{""type"":""Point"",""coordinates"":[13.653728766846022,52.233631730992876]}"
181,142.0,8406.0,3820.0,3164.0,7861.0,7326.0,7004.0,7056.0,6726.0,6553.0,6349.0,6272.0,8177.0,0.0,0.0,1024.0,9.0,255.0,255.0,255.0,308.0,20180203T101219_20180203T101237_T33UVT,Paeter_VorderSee,52.233631730992876,13.653728766846024,"{""type"":""Point"",""coordinates"":[13.653728766846022,52.233631730992876]}"
182,201.0,3859.0,2689.0,2491.0,3627.0,3307.0,3132.0,3243.0,3274.0,3270.0,3256.0,3264.0,3019.0,0.0,0.0,1024.0,9.0,255.0,255.0,255.0,338.0,20180320T101021_20180320T101021_T33UVT,Paeter_VorderSee,52.233631730992876,13.653728766846024,"{""type"":""Point"",""coordinates"":[13.653728766846022,52.233631730992876]}"
183,201.0,10037.0,2178.0,2268.0,8869.0,7364.0,7173.0,7326.0,6923.0,6818.0,7127.0,6567.0,8530.0,0.0,0.0,1024.0,9.0,255.0,255.0,255.0,383.0,20180117T102339_20180117T102341_T33UUT,Paeter_VorderSee,52.233631730992876,13.653728766846024,"{""type"":""Point"",""coordinates"":[13.653728766846022,52.233631730992876]}"
184,266.0,1.0,74.0,92.0,1.0,7.0,1.0,11.0,1.0,1.0,1.0,1.0,1.0,0.0,0.0,0.0,6.0,,,,252.0,20180318T102019_20180318T102016_T33UUT,Paeter_VorderSee,52.233631730992876,13.653728766846024,"{""type"":""Point"",""coordinates"":[13.653728766846022,52.233631730992876]}"
185,201.0,2206.0,2467.0,2440.0,1954.0,2026.0,1954.0,2227.0,2547.0,2720.0,2626.0,2876.0,5080.0,0.0,0.0,2048.0,8.0,199.0,206.0,199.0,1852.0,20180718T101031_20180718T101539_T33UVT,Paeter_VorderSee,52.233631730992876,13.653728766846024,"{""type"":""Point"",""coordinates"":[13.653728766846022,52.233631730992876]}"
186,166.0,3649.0,3102.0,2512.0,3786.0,3230.0,3152.0,3180.0,3217.0,3239.0,3670.0,3347.0,1779.0,0.0,0.0,1024.0,9.0,255.0,255.0,255.0,348.0,20181125T101331_20181125T101402_T33UVT,Paeter_VorderSee,52.233631730992876,13.653728766846024,"{""type"":""Point"",""coordinates"":[13.653728766846022,52.233631730992876]}"
187,177.0,604.0,319.0,265.0,733.0,961.0,573.0,562.0,522.0,565.0,527.0,519.0,1041.0,0.0,0.0,2048.0,2.0,75.0,98.0,59.0,2568.0,20180802T101019_20180802T101020_T33UUT,Paeter_VorderSee,52.233631730992876,13.653728766846024,"{""type"":""Point"",""coordinates"":[13.653728766846022,52.233631730992876]}"
188,201.0,7335.0,3906.0,2965.0,6904.0,6220.0,5736.0,5850.0,5624.0,5491.0,5856.0,5396.0,6712.0,0.0,0.0,1024.0,9.0,255.0,255.0,255.0,725.0,20181225T101421_20181225T101424_T33UUT,Paeter_VorderSee,52.233631730992876,13.653728766846024,"{""type"":""Point"",""coordinates"":[13.653728766846022,52.233631730992876]}"
189,112.0,10175.0,4295.0,3384.0,9016.0,7884.0,7452.0,7617.0,7238.0,7041.0,6900.0,6919.0,9072.0,0.0,0.0,1024.0,9.0,255.0,255.0,255.0,1096.0,20181123T102339_20181123T102334_T33UUT,Paeter_VorderSee,52.233631730992876,13.653728766846024,"{""type"":""Point"",""coordinates"":[13.653728766846022,52.233631730992876]}"
190,201.0,9169.0,5612.0,4863.0,8640.0,8168.0,8004.0,8333.0,8113.0,8029.0,8180.0,7873.0,12106.0,0.0,0.0,1024.0,9.0,255.0,255.0,255.0,976.0,20180825T102019_20180825T102015_T33UUT,Paeter_VorderSee,52.233631730992876,13.653728766846024,"{""type"":""Point"",""coordinates"":[13.653728766846022,52.233631730992876]}"
191,201.0,8189.0,4435.0,3407.0,7420.0,6503.0,6082.0,6386.0,6125.0,6013.0,5745.0,6054.0,9344.0,0.0,0.0,1024.0,9.0,255.0,255.0,255.0,1692.0,20180310T101021_20180310T101020_T33UUT,Paeter_VorderSee,52.233631730992876,13.653728766846024,"{""type"":""Point"",""coordinates"":[13.653728766846022,52.233631730992876]}"
192,166.0,2849.0,2508.0,2212.0,3054.0,2874.0,2464.0,2606.0,2549.0,2507.0,2940.0,2463.0,4305.0,0.0,0.0,0.0,8.0,255.0,255.0,251.0,1762.0,20180914T102019_20180914T102014_T33UVT,Paeter_VorderSee,52.233631730992876,13.653728766846024,"{""type"":""Point"",""coordinates"":[13.653728766846022,52.233631730992876]}"
193,201.0,10490.0,3450.0,3246.0,9592.0,8488.0,7984.0,8192.0,7546.0,7480.0,7212.0,7194.0,15953.0,0.0,0.0,1024.0,9.0,255.0,255.0,255.0,2611.0,20180603T101019_20180603T101329_T33UUT,Paeter_VorderSee,52.233631730992876,13.653728766846024,"{""type"":""Point"",""coordinates"":[13.653728766846022,52.233631730992876]}"
194,136.0,737.0,582.0,530.0,673.0,781.0,736.0,787.0,868.0,905.0,929.0,931.0,1599.0,0.0,0.0,2048.0,10.0,69.0,80.0,75.0,991.0,20180926T101021_20180926T101020_T33UVT,Paeter_VorderSee,52.233631730992876,13.653728766846024,"{""type"":""Point"",""coordinates"":[13.653728766846022,52.233631730992876]}"
195,201.0,55.0,541.0,621.0,1.0,160.0,321.0,414.0,434.0,509.0,464.0,579.0,692.0,0.0,0.0,0.0,6.0,1.0,17.0,33.0,433.0,20181208T102401_20181208T102407_T33UUT,Paeter_VorderSee,52.233631730992876,13.653728766846024,"{""type"":""Point"",""coordinates"":[13.653728766846022,52.233631730992876]}"
196,142.0,2911.0,1655.0,1529.0,2863.0,2518.0,2391.0,2440.0,2458.0,2475.0,2791.0,2478.0,2849.0,0.0,0.0,2048.0,8.0,255.0,255.0,243.0,146.0,20180201T102241_20180201T102237_T33UUT,Paeter_VorderSee,52.233631730992876,13.653728766846024,"{""type"":""Point"",""coordinates"":[13.653728766846022,52.233631730992876]}"
197,201.0,5852.0,1596.0,1648.0,5441.0,4760.0,4653.0,4709.0,4655.0,4618.0,4868.0,4647.0,4503.0,0.0,0.0,1024.0,9.0,255.0,255.0,255.0,256.0,20180211T102141_20180211T102559_T33UVT,Paeter_VorderSee,52.233631730992876,13.653728766846024,"{""type"":""Point"",""coordinates"":[13.653728766846022,52.233631730992876]}"
198,201.0,9809.0,5669.0,4968.0,9136.0,8528.0,8272.0,8670.0,8344.0,8193.0,8336.0,7996.0,14615.0,0.0,0.0,1024.0,9.0,255.0,255.0,255.0,1257.0,20180825T102019_20180825T102015_T33UVT,Paeter_VorderSee,52.233631730992876,13.653728766846024,"{""type"":""Point"",""coordinates"":[13.653728766846022,52.233631730992876]}"
199,201.0,7410.0,6180.0,4463.0,8248.0,8100.0,8240.0,8763.0,8583.0,8456.0,9056.0,8361.0,13527.0,0.0,0.0,1024.0,9.0,255.0,255.0,255.0,1171.0,20180623T101029_20180623T101139_T33UUT,Paeter_VorderSee,52.233631730992876,13.653728766846024,"{""type"":""Point"",""coordinates"":[13.653728766846022,52.233631730992876]}"
200,201.0,2492.0,2192.0,1842.0,3368.0,2817.0,2280.0,2435.0,2253.0,2126.0,2953.0,2015.0,2496.0,0.0,0.0,1024.0,8.0,255.0,255.0,232.0,1100.0,20180313T102021_20180313T102540_T33UUT,Paeter_VorderSee,52.233631730992876,13.653728766846024,"{""type"":""Point"",""coordinates"":[13.653728766846022,52.233631730992876]}"
201,124.0,652.0,372.0,321.0,630.0,622.0,494.0,511.0,507.0,497.0,524.0,499.0,1006.0,0.0,0.0,2048.0,2.0,65.0,64.0,51.0,1966.0,20180628T101031_20180628T101358_T33UVT,Paeter_VorderSee,52.233631730992876,13.653728766846024,"{""type"":""Point"",""coordinates"":[13.653728766846022,52.233631730992876]}"
202,201.0,907.0,667.0,584.0,968.0,1114.0,846.0,917.0,984.0,1029.0,1086.0,1021.0,2175.0,0.0,0.0,2048.0,10.0,99.0,114.0,86.0,1945.0,20180721T102021_20180721T102024_T33UUT,Paeter_VorderSee,52.233631730992876,13.653728766846024,"{""type"":""Point"",""coordinates"":[13.653728766846022,52.233631730992876]}"
203,201.0,7255.0,3731.0,2551.0,6797.0,6005.0,5667.0,5656.0,5590.0,5531.0,5959.0,5473.0,4385.0,0.0,0.0,1024.0,9.0,255.0,255.0,255.0,253.0,20180119T101331_20180119T101331_T33UUT,Paeter_VorderSee,52.233631730992876,13.653728766846024,"{""type"":""Point"",""coordinates"":[13.653728766846022,52.233631730992876]}"
204,118.0,4317.0,2562.0,2499.0,3506.0,3042.0,3154.0,3844.0,4105.0,4117.0,3676.0,4128.0,13604.0,0.0,0.0,1024.0,9.0,255.0,255.0,255.0,1741.0,20180921T101019_20180921T101017_T33UUT,Paeter_VorderSee,52.233631730992876,13.653728766846024,"{""type"":""Point"",""coordinates"":[13.653728766846022,52.233631730992876]}"
205,148.0,7278.0,5701.0,5329.0,6840.0,6772.0,6484.0,6869.0,6657.0,6469.0,6592.0,6227.0,11347.0,0.0,0.0,1024.0,9.0,255.0,255.0,255.0,1330.0,20181019T102031_20181019T102029_T33UVT,Paeter_VorderSee,52.233631730992876,13.653728766846024,"{""type"":""Point"",""coordinates"":[13.653728766846022,52.233631730992876]}"
206,154.0,12667.0,6700.0,5491.0,11920.0,11032.0,10544.0,11065.0,10420.0,10095.0,10488.0,9800.0,15803.0,0.0,0.0,1024.0,9.0,255.0,255.0,255.0,1491.0,20180613T101019_20180613T101424_T33UVT,Paeter_VorderSee,52.233631730992876,13.653728766846024,"{""type"":""Point"",""coordinates"":[13.653728766846022,52.233631730992876]}"
207,201.0,1.0,132.0,108.0,110.0,155.0,116.0,143.0,82.0,91.0,88.0,85.0,133.0,0.0,0.0,0.0,6.0,11.0,15.0,11.0,1327.0,20180404T101019_20180404T101021_T33UUT,Paeter_VorderSee,52.233631730992876,13.653728766846024,"{""type"":""Point"",""coordinates"":[13.653728766846022,52.233631730992876]}"
208,201.0,5107.0,3252.0,2641.0,4740.0,4336.0,4416.0,4635.0,4728.0,4727.0,4604.0,4763.0,4877.0,0.0,0.0,1024.0,9.0,255.0,255.0,255.0,446.0,20181213T102419_20181213T102422_T33UUT,Paeter_VorderSee,52.233631730992876,13.653728766846024,"{""type"":""Point"",""coordinates"":[13.653728766846022,52.233631730992876]}"
209,201.0,9833.0,5371.0,4374.0,8701.0,7797.0,7333.0,7601.0,7324.0,7152.0,7004.0,7072.0,10293.0,0.0,0.0,1024.0,9.0,255.0,255.0,255.0,510.0,20180218T101051_20180218T101313_T33UVT,Paeter_VorderSee,52.233631730992876,13.653728766846024,"{""type"":""Point"",""coordinates"":[13.653728766846022,52.233631730992876]}"
210,201.0,7411.0,6184.0,4437.0,8400.0,8216.0,8328.0,8772.0,8616.0,8520.0,9136.0,8434.0,12174.0,0.0,0.0,1024.0,9.0,255.0,255.0,255.0,1010.0,20180623T101029_20180623T101139_T33UVT,Paeter_VorderSee,52.233631730992876,13.653728766846024,"{""type"":""Point"",""coordinates"":[13.653728766846022,52.233631730992876]}"
211,148.0,5669.0,2352.0,2559.0,5332.0,4976.0,4576.0,5125.0,5135.0,5068.0,5176.0,4901.0,15685.0,0.0,0.0,1024.0,9.0,255.0,255.0,255.0,2101.0,20180911T101019_20180911T101438_T33UUT,Paeter_VorderSee,52.233631730992876,13.653728766846024,"{""type"":""Point"",""coordinates"":[13.653728766846022,52.233631730992876]}"
212,201.0,7363.0,4520.0,3637.0,6864.0,6564.0,6572.0,6625.0,6386.0,6201.0,6676.0,6242.0,9019.0,0.0,0.0,1024.0,9.0,255.0,255.0,255.0,482.0,20181228T102431_20181228T102427_T33UUT,Paeter_VorderSee,52.233631730992876,13.653728766846024,"{""type"":""Point"",""coordinates"":[13.653728766846022,52.233631730992876]}"
213,142.0,3363.0,2727.0,2578.0,2952.0,2736.0,2648.0,2804.0,2645.0,2610.0,2618.0,2629.0,3726.0,0.0,0.0,0.0,8.0,255.0,255.0,255.0,1261.0,20181110T101239_20181110T101317_T33UVT,Paeter_VorderSee,52.233631730992876,13.653728766846024,"{""type"":""Point"",""coordinates"":[13.653728766846022,52.233631730992876]}"
214,201.0,4844.0,1745.0,1510.0,4117.0,3456.0,3417.0,3354.0,3259.0,3268.0,3304.0,3166.0,2793.0,0.0,0.0,1024.0,9.0,255.0,255.0,255.0,389.0,20180102T102421_20180102T102420_T33UUT,Paeter_VorderSee,52.233631730992876,13.653728766846024,"{""type"":""Point"",""coordinates"":[13.653728766846022,52.233631730992876]}"
215,201.0,5161.0,3258.0,2647.0,4804.0,4396.0,4464.0,4695.0,4781.0,4772.0,4644.0,4798.0,5062.0,0.0,0.0,1024.0,9.0,255.0,255.0,255.0,468.0,20181213T102419_20181213T102422_T33UVT,Paeter_VorderSee,52.233631730992876,13.653728766846024,"{""type"":""Point"",""coordinates"":[13.653728766846022,52.233631730992876]}"
216,201.0,9222.0,2464.0,2946.0,9208.0,9088.0,9000.0,9401.0,9095.0,8981.0,9360.0,8882.0,15452.0,0.0,0.0,1024.0,8.0,255.0,255.0,255.0,1052.0,20180830T102021_20180830T102524_T33UVT,Paeter_VorderSee,52.233631730992876,13.653728766846024,"{""type"":""Point"",""coordinates"":[13.653728766846022,52.233631730992876]}"
217,201.0,4515.0,2806.0,2092.0,4480.0,4026.0,3628.0,3676.0,3643.0,3717.0,3886.0,3661.0,3841.0,0.0,0.0,1024.0,9.0,255.0,255.0,255.0,1479.0,20181004T102019_20181004T102018_T33UUT,Paeter_VorderSee,52.233631730992876,13.653728766846024,"{""type"":""Point"",""coordinates"":[13.653728766846022,52.233631730992876]}"
218,201.0,1487.0,813.0,748.0,1526.0,1430.0,1340.0,1456.0,1519.0,1572.0,1642.0,1552.0,3021.0,0.0,0.0,2048.0,10.0,156.0,146.0,137.0,1055.0,20181001T101019_20181001T101558_T33UVT,Paeter_VorderSee,52.233631730992876,13.653728766846024,"{""type"":""Point"",""coordinates"":[13.653728766846022,52.233631730992876]}"
219,201.0,8510.0,5048.0,3701.0,8960.0,8424.0,7692.0,7544.0,7122.0,6786.0,8792.0,6486.0,10806.0,0.0,0.0,1024.0,9.0,255.0,255.0,255.0,584.0,20181218T102431_20181218T102426_T33UUT,Paeter_VorderSee,52.233631730992876,13.653728766846024,"{""type"":""Point"",""coordinates"":[13.653728766846022,52.233631730992876]}"
220,112.0,6911.0,4854.0,3550.0,7524.0,7324.0,6856.0,6665.0,6409.0,6187.0,8060.0,5993.0,7626.0,0.0,0.0,1024.0,9.0,255.0,255.0,255.0,353.0,20181218T102431_20181218T102426_T33UVT,Paeter_VorderSee,52.233631730992876,13.653728766846024,"{""type"":""Point"",""coordinates"":[13.653728766846022,52.233631730992876]}"
221,201.0,11932.0,4951.0,3503.0,11896.0,10846.0,10483.0,10750.0,10338.0,10092.0,9779.0,9829.0,11734.0,0.0,0.0,1024.0,9.0,255.0,255.0,255.0,776.0,20180308T102019_20180308T102241_T33UVT,Paeter_VorderSee,52.233631730992876,13.653728766846024,"{""type"":""Point"",""coordinates"":[13.653728766846022,52.233631730992876]}"
222,201.0,9774.0,6046.0,4970.0,8360.0,7900.0,7572.0,8192.0,7796.0,7669.0,7184.0,7592.0,13849.0,0.0,0.0,1024.0,9.0,255.0,255.0,255.0,2427.0,20180820T102021_20180820T102358_T33UUT,Paeter_VorderSee,52.233631730992876,13.653728766846024,"{""type"":""Point"",""coordinates"":[13.653728766846022,52.233631730992876]}"
223,195.0,4406.0,2828.0,2093.0,4404.0,3992.0,3638.0,3661.0,3621.0,3703.0,3876.0,3658.0,3481.0,0.0,0.0,1024.0,9.0,255.0,255.0,255.0,1329.0,20181004T102019_20181004T102018_T33UVT,Paeter_VorderSee,52.233631730992876,13.653728766846024,"{""type"":""Point"",""coordinates"":[13.653728766846022,52.233631730992876]}"
224,201.0,7766.0,7149.0,6923.0,7008.0,6832.0,7480.0,7830.0,7834.0,7934.0,7676.0,8258.0,9993.0,0.0,0.0,1024.0,9.0,255.0,255.0,255.0,755.0,20181215T101421_20181215T101420_T33UVT,Paeter_VorderSee,52.233631730992876,13.653728766846024,"{""type"":""Point"",""coordinates"":[13.653728766846022,52.233631730992876]}"
225,201.0,1099.0,804.0,738.0,1250.0,1246.0,1216.0,1336.0,1429.0,1497.0,1578.0,1494.0,2647.0,0.0,0.0,2048.0,10.0,128.0,127.0,124.0,877.0,20181001T101019_20181001T101558_T33UUT,Paeter_VorderSee,52.233631730992876,13.653728766846024,"{""type"":""Point"",""coordinates"":[13.653728766846022,52.233631730992876]}"
226,184.0,6925.0,4485.0,3601.0,6512.0,6288.0,6348.0,6410.0,6205.0,6050.0,6508.0,6092.0,8234.0,0.0,0.0,1024.0,9.0,255.0,255.0,255.0,422.0,20181228T102431_20181228T102427_T33UVT,Paeter_VorderSee,52.233631730992876,13.653728766846024,"{""type"":""Point"",""coordinates"":[13.653728766846022,52.233631730992876]}"
227,148.0,4201.0,2019.0,2120.0,3974.0,3702.0,3684.0,4017.0,3911.0,3770.0,3926.0,3724.0,13086.0,0.0,0.0,1024.0,9.0,255.0,255.0,255.0,1339.0,20181220T101429_20181220T101427_T33UUT,Paeter_VorderSee,52.233631730992876,13.653728766846024,"{""type"":""Point"",""coordinates"":[13.653728766846022,52.233631730992876]}"
228,201.0,5581.0,2875.0,2154.0,5288.0,5308.0,5336.0,5510.0,5533.0,5529.0,5656.0,5536.0,5528.0,0.0,0.0,1024.0,9.0,255.0,255.0,255.0,393.0,20181026T101111_20181026T101108_T33UUT,Paeter_VorderSee,52.233631730992876,13.653728766846024,"{""type"":""Point"",""coordinates"":[13.653728766846022,52.233631730992876]}"
229,154.0,3543.0,1780.0,1712.0,3142.0,3008.0,2728.0,3077.0,3266.0,3339.0,3416.0,3363.0,8567.0,0.0,0.0,1024.0,8.0,255.0,255.0,255.0,1382.0,20181009T102021_20181009T102559_T33UVT,Paeter_VorderSee,52.233631730992876,13.653728766846024,"{""type"":""Point"",""coordinates"":[13.653728766846022,52.233631730992876]}"
230,201.0,928.0,667.0,578.0,985.0,1122.0,852.0,911.0,981.0,1030.0,1090.0,1025.0,1893.0,0.0,0.0,2048.0,10.0,101.0,114.0,87.0,1647.0,20180721T102021_20180721T102024_T33UVT,Paeter_VorderSee,52.233631730992876,13.653728766846024,"{""type"":""Point"",""coordinates"":[13.653728766846022,52.233631730992876]}"
231,201.0,2369.0,1324.0,1254.0,2160.0,2014.0,1808.0,1880.0,1911.0,1909.0,2010.0,1894.0,5215.0,0.0,0.0,2048.0,8.0,221.0,204.0,183.0,917.0,20181105T101211_20181105T101404_T33UVT,Paeter_VorderSee,52.233631730992876,13.653728766846024,"{""type"":""Point"",""coordinates"":[13.653728766846022,52.233631730992876]}"
232,172.0,2233.0,1176.0,1117.0,2158.0,2040.0,1829.0,2002.0,1936.0,1917.0,2126.0,1874.0,5607.0,0.0,0.0,2048.0,8.0,220.0,208.0,186.0,1569.0,20180412T102021_20180412T102024_T33UVT,Paeter_VorderSee,52.233631730992876,13.653728766846024,"{""type"":""Point"",""coordinates"":[13.653728766846022,52.233631730992876]}"
233,201.0,3065.0,3992.0,2650.0,3914.0,4264.0,4492.0,4810.0,5060.0,5168.0,5668.0,5317.0,5308.0,0.0,0.0,1024.0,9.0,255.0,255.0,255.0,932.0,20180827T101021_20180827T101023_T33UUT,Paeter_VorderSee,52.233631730992876,13.653728766846024,"{""type"":""Point"",""coordinates"":[13.653728766846022,52.233631730992876]}"
234,201.0,604.0,572.0,523.0,565.0,708.0,684.0,740.0,812.0,851.0,871.0,879.0,1476.0,0.0,0.0,2048.0,10.0,58.0,72.0,70.0,914.0,20180926T101021_20180926T101020_T33UUT,Paeter_VorderSee,52.233631730992876,13.653728766846024,"{""type"":""Point"",""coordinates"":[13.653728766846022,52.233631730992876]}"
235,201.0,11790.0,6301.0,5009.0,10984.0,9960.0,9384.0,9884.0,9255.0,9014.0,8888.0,8743.0,13539.0,0.0,0.0,1024.0,9.0,255.0,255.0,255.0,2114.0,20180706T102019_20180706T102022_T33UVT,Paeter_VorderSee,52.233631730992876,13.653728766846024,"{""type"":""Point"",""coordinates"":[13.653728766846022,52.233631730992876]}"
236,201.0,6085.0,2569.0,2647.0,4928.0,4820.0,4780.0,5107.0,5357.0,5451.0,5180.0,5499.0,10986.0,0.0,0.0,1024.0,9.0,255.0,255.0,255.0,1071.0,20180621T102021_20180621T102316_T33UUT,Paeter_VorderSee,52.233631730992876,13.653728766846024,"{""type"":""Point"",""coordinates"":[13.653728766846022,52.233631730992876]}"
237,201.0,2047.0,2118.0,2352.0,1614.0,1718.0,1998.0,2284.0,2464.0,2770.0,2246.0,2903.0,6037.0,0.0,0.0,2048.0,8.0,164.0,175.0,203.0,1390.0,20180901T101019_20180901T101015_T33UVT,Paeter_VorderSee,52.233631730992876,13.653728766846024,"{""type"":""Point"",""coordinates"":[13.653728766846022,52.233631730992876]}"
238,201.0,8784.0,2447.0,2959.0,8960.0,8968.0,8952.0,9302.0,8995.0,8872.0,9328.0,8782.0,15395.0,0.0,0.0,1024.0,8.0,255.0,255.0,255.0,1176.0,20180830T102021_20180830T102524_T33UUT,Paeter_VorderSee,52.233631730992876,13.653728766846024,"{""type"":""Point"",""coordinates"":[13.653728766846022,52.233631730992876]}"
239,201.0,4384.0,3718.0,2568.0,4917.0,4851.0,4925.0,5076.0,5103.0,5100.0,5535.0,5128.0,4512.0,0.0,0.0,1024.0,9.0,255.0,255.0,255.0,307.0,20180119T101331_20180119T101331_T33UVT,Paeter_VorderSee,52.233631730992876,13.653728766846024,"{""type"":""Point"",""coordinates"":[13.653728766846022,52.233631730992876]}"
240,201.0,8036.0,3739.0,3459.0,6906.0,6484.0,6158.0,6302.0,6369.0,6419.0,6223.0,6374.0,3683.0,0.0,0.0,1024.0,9.0,255.0,255.0,255.0,,20180305T101019_20180305T101315_T33UUT,Paeter_VorderSee,52.233631730992876,13.653728766846024,"{""type"":""Point"",""coordinates"":[13.653728766846022,52.233631730992876]}"
241,136.0,3370.0,2464.0,2618.0,1352.0,1532.0,2088.0,2418.0,2762.0,3046.0,1876.0,3367.0,3954.0,0.0,0.0,1024.0,8.0,138.0,156.0,213.0,298.0,20181103T102159_20181103T102338_T33UVT,Paeter_VorderSee,52.233631730992876,13.653728766846024,"{""type"":""Point"",""coordinates"":[13.653728766846022,52.233631730992876]}"
242,118.0,6893.0,3379.0,3157.0,6924.0,6696.0,6720.0,6992.0,6726.0,6842.0,6680.0,6714.0,14659.0,0.0,0.0,1024.0,9.0,255.0,255.0,255.0,2083.0,20180603T101019_20180603T101329_T33UVT,Paeter_VorderSee,52.233631730992876,13.653728766846024,"{""type"":""Point"",""coordinates"":[13.653728766846022,52.233631730992876]}"
243,201.0,8186.0,4466.0,3353.0,6998.0,6254.0,5934.0,6368.0,6207.0,6155.0,5734.0,6193.0,5299.0,0.0,0.0,1024.0,9.0,255.0,255.0,255.0,1141.0,20180310T101021_20180310T101020_T33UVT,Paeter_VorderSee,52.233631730992876,13.653728766846024,"{""type"":""Point"",""coordinates"":[13.653728766846022,52.233631730992876]}"
244,201.0,567.0,354.0,312.0,541.0,551.0,441.0,450.0,408.0,390.0,422.0,398.0,893.0,0.0,0.0,2048.0,3.0,55.0,56.0,45.0,1842.0,20180628T101031_20180628T101358_T33UUT,Paeter_VorderSee,52.233631730992876,13.653728766846024,"{""type"":""Point"",""coordinates"":[13.653728766846022,52.233631730992876]}"
245,159.0,12642.0,6678.0,5449.0,11728.0,10912.0,10456.0,11133.0,10496.0,10177.0,10440.0,9865.0,15825.0,0.0,0.0,1024.0,9.0,255.0,255.0,255.0,1389.0,20180613T101019_20180613T101424_T33UUT,Paeter_VorderSee,52.233631730992876,13.653728766846024,"{""type"":""Point"",""coordinates"":[13.653728766846022,52.233631730992876]}"
246,201.0,9993.0,5968.0,4599.0,9862.0,9451.0,9206.0,9567.0,9277.0,9065.0,8941.0,8911.0,10072.0,0.0,0.0,1024.0,9.0,255.0,255.0,255.0,627.0,20180323T102021_20180323T102021_T33UUT,Paeter_VorderSee,52.233631730992876,13.653728766846024,"{""type"":""Point"",""coordinates"":[13.653728766846022,52.233631730992876]}"
247,201.0,11949.0,6299.0,5032.0,10584.0,9736.0,9232.0,9922.0,9278.0,9012.0,8792.0,8727.0,15075.0,0.0,0.0,1024.0,9.0,255.0,255.0,255.0,2297.0,20180706T102019_20180706T102022_T33UUT,Paeter_VorderSee,52.233631730992876,13.653728766846024,"{""type"":""Point"",""coordinates"":[13.653728766846022,52.233631730992876]}"
248,201.0,7406.0,2381.0,2547.0,7060.0,6415.0,5995.0,6426.0,6236.0,6118.0,6502.0,5899.0,15982.0,0.0,0.0,1024.0,9.0,255.0,255.0,255.0,1549.0,20180517T102019_20180517T102209_T33UUT,Paeter_VorderSee,52.233631730992876,13.653728766846024,"{""type"":""Point"",""coordinates"":[13.653728766846022,52.233631730992876]}"
249,201.0,7676.0,2911.0,2164.0,6800.0,6356.0,6064.0,6100.0,6050.0,5998.0,6120.0,5933.0,5542.0,0.0,0.0,1024.0,9.0,255.0,255.0,255.0,356.0,20181026T101111_20181026T101108_T33UVT,Paeter_VorderSee,52.233631730992876,13.653728766846024,"{""type"":""Point"",""coordinates"":[13.653728766846022,52.233631730992876]}"
250,201.0,5357.0,3869.0,2930.0,5504.0,5284.0,5096.0,5309.0,5184.0,5115.0,5448.0,5097.0,5833.0,0.0,0.0,1024.0,9.0,255.0,255.0,255.0,627.0,20181225T101421_20181225T101424_T33UVT,Paeter_VorderSee,52.233631730992876,13.653728766846024,"{""type"":""Point"",""coordinates"":[13.653728766846022,52.233631730992876]}"
251,201.0,1414.0,742.0,949.0,822.0,800.0,821.0,990.0,1005.0,1153.0,910.0,1375.0,5415.0,0.0,0.0,2048.0,8.0,84.0,82.0,84.0,1407.0,20181108T102231_20181108T102225_T33UVT,Paeter_VorderSee,52.233631730992876,13.653728766846024,"{""type"":""Point"",""coordinates"":[13.653728766846022,52.233631730992876]}"
252,201.0,1726.0,1108.0,1019.0,1932.0,1542.0,1354.0,1404.0,1368.0,1347.0,1838.0,1335.0,2102.0,0.0,0.0,2048.0,8.0,197.0,157.0,138.0,636.0,20181223T102429_20181223T102536_T33UVT,Paeter_VorderSee,52.233631730992876,13.653728766846024,"{""type"":""Point"",""coordinates"":[13.653728766846022,52.233631730992876]}"
253,201.0,6689.0,2615.0,2748.0,5420.0,5156.0,5020.0,5454.0,5620.0,5650.0,5348.0,5648.0,15652.0,0.0,0.0,1024.0,9.0,255.0,255.0,255.0,1713.0,20180621T102021_20180621T102316_T33UVT,Paeter_VorderSee,52.233631730992876,13.653728766846024,"{""type"":""Point"",""coordinates"":[13.653728766846022,52.233631730992876]}"
254,201.0,9781.0,4130.0,3451.0,10805.0,9735.0,9717.0,10089.0,9852.0,9897.0,10284.0,9723.0,12515.0,0.0,0.0,1024.0,9.0,255.0,255.0,255.0,577.0,20180328T102019_20180328T102018_T33UVT,Paeter_VorderSee,52.233631730992876,13.653728766846024,"{""type"":""Point"",""coordinates"":[13.653728766846022,52.233631730992876]}"
255,201.0,3011.0,1685.0,1460.0,2578.0,2592.0,2442.0,2762.0,3023.0,3173.0,3184.0,3242.0,4836.0,0.0,0.0,1024.0,8.0,255.0,255.0,249.0,959.0,20180810T102021_20180810T102023_T33UVT,Paeter_VorderSee,52.233631730992876,13.653728766846024,"{""type"":""Point"",""coordinates"":[13.653728766846022,52.233631730992876]}"
256,201.0,10704.0,3507.0,3495.0,11024.0,9928.0,9304.0,9231.0,8649.0,8417.0,9472.0,7947.0,14886.0,0.0,0.0,1024.0,9.0,255.0,255.0,255.0,574.0,20181203T102359_20181203T102604_T33UVT,Paeter_VorderSee,52.233631730992876,13.653728766846024,"{""type"":""Point"",""coordinates"":[13.653728766846022,52.233631730992876]}"
257,202.0,8438.0,3497.0,3532.0,8472.0,8240.0,8224.0,8467.0,8025.0,7878.0,8728.0,7535.0,15203.0,0.0,0.0,1024.0,9.0,255.0,255.0,255.0,725.0,20181203T102359_20181203T102401_T33UVT,Paeter_VorderSee,52.233631730992876,13.653728766846024,"{""type"":""Point"",""coordinates"":[13.653728766846022,52.233631730992876]}"
258,201.0,7367.0,7135.0,6868.0,6820.0,6764.0,7464.0,7772.0,7812.0,7934.0,7676.0,8268.0,9176.0,0.0,0.0,1024.0,9.0,255.0,255.0,255.0,667.0,20181215T101421_20181215T101420_T33UUT,Paeter_VorderSee,52.233631730992876,13.653728766846024,"{""type"":""Point"",""coordinates"":[13.653728766846022,52.233631730992876]}"
259,201.0,6041.0,3486.0,2655.0,4244.0,4020.0,4233.0,5051.0,4927.0,4711.0,4861.0,4536.0,5432.0,0.0,0.0,1024.0,9.0,255.0,255.0,255.0,221.0,20180107T102359_20180107T102401_T33UUT,Paeter_VorderSee,52.233631730992876,13.653728766846024,"{""type"":""Point"",""coordinates"":[13.653728766846022,52.233631730992876]}"
260,201.0,7268.0,3136.0,2678.0,6748.0,6036.0,5776.0,5743.0,5502.0,5379.0,5568.0,5255.0,6595.0,0.0,0.0,1024.0,9.0,255.0,255.0,255.0,498.0,20181120T101319_20181120T101557_T33UUT,Paeter_VorderSee,52.233631730992876,13.653728766846024,"{""type"":""Point"",""coordinates"":[13.653728766846022,52.233631730992876]}"
261,201.0,1780.0,1124.0,1053.0,1976.0,1576.0,1382.0,1478.0,1424.0,1385.0,1864.0,1361.0,3074.0,0.0,0.0,2048.0,8.0,201.0,161.0,141.0,1037.0,20181223T102429_20181223T102536_T33UUT,Paeter_VorderSee,52.233631730992876,13.653728766846024,"{""type"":""Point"",""coordinates"":[13.653728766846022,52.233631730992876]}"
262,136.0,7984.0,4276.0,3305.0,8288.0,7064.0,6972.0,7115.0,6931.0,6837.0,6724.0,6778.0,6773.0,0.0,0.0,1024.0,9.0,255.0,255.0,255.0,754.0,20181123T102339_20181123T102334_T33UVT,Paeter_VorderSee,52.233631730992876,13.653728766846024,"{""type"":""Point"",""coordinates"":[13.653728766846022,52.233631730992876]}"
263,201.0,4185.0,2659.0,2620.0,3642.0,3880.0,4264.0,4196.0,4397.0,4556.0,4792.0,4686.0,3480.0,0.0,0.0,1024.0,9.0,255.0,255.0,255.0,12.0,20181130T101349_20181130T101352_T33UVT,Paeter_VorderSee,52.233631730992876,13.653728766846024,"{""type"":""Point"",""coordinates"":[13.653728766846022,52.233631730992876]}"
264,201.0,6789.0,3152.0,2710.0,6188.0,5628.0,5464.0,5775.0,5516.0,5376.0,5376.0,5248.0,7339.0,0.0,0.0,1024.0,9.0,255.0,255.0,255.0,592.0,20181120T101319_20181120T101557_T33UVT,Paeter_VorderSee,52.233631730992876,13.653728766846024,"{""type"":""Point"",""coordinates"":[13.653728766846022,52.233631730992876]}"
265,201.0,7152.0,2389.0,2538.0,6843.0,6263.0,5903.0,6331.0,6162.0,6071.0,6467.0,5873.0,15352.0,0.0,0.0,1024.0,9.0,255.0,255.0,255.0,1403.0,20180517T102019_20180517T102209_T33UVT,Paeter_VorderSee,52.233631730992876,13.653728766846024,"{""type"":""Point"",""coordinates"":[13.653728766846022,52.233631730992876]}"
266,201.0,5098.0,2762.0,2899.0,4776.0,4664.0,4760.0,4952.0,4935.0,4895.0,5204.0,4895.0,10040.0,0.0,0.0,1024.0,9.0,255.0,255.0,255.0,506.0,20181130T101349_20181130T101352_T33UUT,Paeter_VorderSee,52.233631730992876,13.653728766846024,"{""type"":""Point"",""coordinates"":[13.653728766846022,52.233631730992876]}"
267,201.0,6429.0,4628.0,3907.0,5920.0,5902.0,6007.0,6108.0,6156.0,6112.0,6172.0,6269.0,5609.0,0.0,0.0,1024.0,9.0,255.0,255.0,255.0,232.0,20180112T102401_20180112T102355_T33UUT,Paeter_VorderSee,52.233631730992876,13.653728766846024,"{""type"":""Point"",""coordinates"":[13.653728766846022,52.233631730992876]}"
268,201.0,9782.0,4211.0,3547.0,9856.0,10168.0,10248.0,9204.0,9357.0,9668.0,10480.0,9846.0,3546.0,0.0,0.0,1024.0,9.0,255.0,255.0,255.0,,20181029T102131_20181029T102131_T33UUT,Paeter_VorderSee,52.233631730992876,13.653728766846024,"{""type"":""Point"",""coordinates"":[13.653728766846022,52.233631730992876]}"
269,201.0,9328.0,4108.0,3417.0,9886.0,9623.0,9807.0,9876.0,9694.0,9777.0,10174.0,9613.0,11313.0,0.0,0.0,1024.0,9.0,255.0,255.0,255.0,499.0,20180328T102019_20180328T102018_T33UUT,Paeter_VorderSee,52.233631730992876,13.653728766846024,"{""type"":""Point"",""coordinates"":[13.653728766846022,52.233631730992876]}"
270,201.0,3038.0,1936.0,1774.0,3230.0,3228.0,3370.0,3198.0,3410.0,3526.0,3836.0,3651.0,1905.0,0.0,0.0,1024.0,9.0,255.0,255.0,255.0,,20181220T101429_20181220T101427_T33UVT,Paeter_VorderSee,52.233631730992876,13.653728766846024,"{""type"":""Point"",""coordinates"":[13.653728766846022,52.233631730992876]}"
271,154.0,13905.0,3416.0,3415.0,10314.0,9348.0,9294.0,9974.0,9821.0,9874.0,9896.0,9741.0,5915.0,0.0,0.0,1024.0,9.0,255.0,255.0,255.0,,20180502T102031_20180502T102434_T33UVT,Paeter_VorderSee,52.233631730992876,13.653728766846024,"{""type"":""Point"",""coordinates"":[13.653728766846022,52.233631730992876]}"
272,201.0,13816.0,3414.0,3410.0,9744.0,9491.0,9522.0,10200.0,9954.0,9952.0,9917.0,9817.0,5892.0,0.0,0.0,1024.0,9.0,255.0,255.0,255.0,,20180502T102031_20180502T102434_T33UUT,Paeter_VorderSee,52.233631730992876,13.653728766846024,"{""type"":""Point"",""coordinates"":[13.653728766846022,52.233631730992876]}"
273,201.0,10687.0,4215.0,3561.0,10232.0,10400.0,10416.0,9529.0,9680.0,9953.0,10592.0,10070.0,3701.0,0.0,0.0,1024.0,9.0,255.0,255.0,255.0,,20181029T102131_20181029T102131_T33UVT,Paeter_VorderSee,52.233631730992876,13.653728766846024,"{""type"":""Point"",""coordinates"":[13.653728766846022,52.233631730992876]}"
274,201.0,3399.0,1539.0,1432.0,3200.0,2933.0,2694.0,2943.0,2794.0,2747.0,2908.0,2746.0,1178.0,0.0,0.0,1024.0,9.0,255.0,255.0,255.0,1946.0,20180424T101029_20180424T101526_T33UUT,Paeter_VorderSee,52.233631730992876,13.653728766846024,"{""type"":""Point"",""coordinates"":[13.653728766846022,52.233631730992876]}"
275,201.0,6116.0,2276.0,2179.0,4980.0,4744.0,4436.0,4592.0,4872.0,5085.0,5168.0,5059.0,3162.0,0.0,0.0,1024.0,9.0,255.0,255.0,255.0,,20180911T101019_20180911T101438_T33UVT,Paeter_VorderSee,52.233631730992876,13.653728766846024,"{""type"":""Point"",""coordinates"":[13.653728766846022,52.233631730992876]}"
276,201.0,3368.0,1481.0,1231.0,3005.0,2810.0,2600.0,2569.0,2605.0,2709.0,2981.0,2777.0,1187.0,0.0,0.0,1024.0,9.0,255.0,255.0,255.0,,20180424T101029_20180424T101526_T33UVT,Paeter_VorderSee,52.233631730992876,13.653728766846024,"{""type"":""Point"",""coordinates"":[13.653728766846022,52.233631730992876]}"
277,201.0,3235.0,1714.0,1464.0,2760.0,2428.0,2644.0,2720.0,2730.0,2817.0,2802.0,2803.0,1921.0,0.0,0.0,1024.0,9.0,255.0,247.0,255.0,236.0,20180102T102421_20180102T102420_T33UVT,Paeter_VorderSee,52.233631730992876,13.653728766846024,"{""type"":""Point"",""coordinates"":[13.653728766846022,52.233631730992876]}"
278,201.0,5494.0,3483.0,2656.0,4844.0,4123.0,4153.0,4977.0,4860.0,4647.0,4976.0,4482.0,5490.0,0.0,0.0,1024.0,9.0,255.0,255.0,255.0,231.0,20180107T102359_20180107T102401_T33UVT,Paeter_VorderSee,52.233631730992876,13.653728766846024,"{""type"":""Point"",""coordinates"":[13.653728766846022,52.233631730992876]}"
279,201.0,6320.0,4625.0,3910.0,6359.0,5915.0,5930.0,6074.0,6122.0,6077.0,6205.0,6237.0,5689.0,0.0,0.0,1024.0,9.0,255.0,255.0,255.0,242.0,20180112T102401_20180112T102355_T33UVT,Paeter_VorderSee,52.233631730992876,13.653728766846024,"{""type"":""Point"",""coordinates"":[13.653728766846022,52.233631730992876]}"
